height,width,timesteps,years,TOTALN,TOTALP,lossSAV,lossFP,minthresholdtomoveSAV,maxthresholdtomoveSAV,maxamounttomoveSAV,minthresholdtomoveFP,maxthresholdtomoveFP,maxamounttomoveFP,numbFPspecies,initialSAVcells,initial01cells,initial02cells,initial03cells,initial04cells,initialSAVtotmass,initial01totmass,initial02totmass,initial03totmass,initial04totmass,maxSAVrgr,maxrgr01,maxrgr02,maxrgr03,maxrgr04,overwinterSAV,overwinter01,overwinter02,overwinter03,overwinter04,halfsatBSAV,halfsatB01,halfsatB02,halfsatB03,halfsatB04,halfsatNSAV,halfsatN01,halfsatN02,halfsatN03,halfsatN04,halfsatPSAV,halfsatP01,halfsatP02,halfsatP03,halfsatP04,uptakeNSAV,uptakeN01,uptakeN02,uptakeN03,uptakeN04,uptakePSAV,uptakeP01,uptakeP02,uptakeP03,uptakeP04,lightlimitation,shadingbyFP,lightattenuation,propyears_avgFPcover_abovethreshold,propyears_prop_daysFP_abovehalf,avg_avg_FPcover,avg_max_FPcover,avg_firstdayFP,propyears_avgSAVcover_abovethreshold,propyears_prop_daysSAV_abovehalf,avg_avg_SAVcover,avg_max_SAVcover,avg_firstdaySAV
20,20,150,10,1,0.25,0.05,0.05,50,100,5,50,100,5,1,396,4,0,0,0,39600,400,0,0,0,0.5,0.5,0,0,0,0.1,0.1,0,0,0,0,42,0,0,0,0,0.2,0,0,0,0,0.05,0,0,0,0.075,0.005,0,0,0,0.01875,0.00125,0,0,0,0.01,0.02,0,0,0,4.89E-09,3.22E-08,NA,1,1,77.73326424,81.70822356,14
20,20,150,10,2,0.5,0.05,0.05,50,100,5,50,100,5,1,396,4,0,0,0,39600,400,0,0,0,0.5,0.5,0,0,0,0.1,0.1,0,0,0,0,42,0,0,0,0,0.2,0,0,0,0,0.05,0,0,0,0.075,0.005,0,0,0,0.01875,0.00125,0,0,0,0.01,0.02,0,0,0,6.99E-08,4.56E-07,NA,1,1,77.73349283,81.70762097,14
20,20,150,10,3,0.75,0.05,0.05,50,100,5,50,100,5,1,396,4,0,0,0,39600,400,0,0,0,0.5,0.5,0,0,0,0.1,0.1,0,0,0,0,42,0,0,0,0,0.2,0,0,0,0,0.05,0,0,0,0.075,0.005,0,0,0,0.01875,0.00125,0,0,0,0.01,0.02,0,0,0,6.79E-07,4.38E-06,NA,1,1,77.73319317,81.70928232,14
20,20,150,10,5,1.25,0.05,0.05,50,100,5,50,100,5,1,396,4,0,0,0,39600,400,0,0,0,0.5,0.5,0,0,0,0.1,0.1,0,0,0,0,42,0,0,0,0,0.2,0,0,0,0,0.05,0,0,0,0.075,0.005,0,0,0,0.01875,0.00125,0,0,0,0.01,0.02,0,0,0,0.000180009,0.00111872,NA,0.9,1,77.73339698,81.70879839,14
20,20,150,10,7.5,1.875,0.05,0.05,50,100,5,50,100,5,1,396,4,0,0,0,39600,400,0,0,0,0.5,0.5,0,0,0,0.1,0.1,0,0,0,0,42,0,0,0,0,0.2,0,0,0,0,0.05,0,0,0,0.075,0.005,0,0,0,0.01875,0.00125,0,0,0,0.01,0.02,0,0.9,0.9,84.70134702,88.67442888,10,0.1,0.1,60.09233969,65.72271585,NA
20,20,150,10,10,2.5,0.05,0.05,50,100,5,50,100,5,1,396,4,0,0,0,39600,400,0,0,0,0.5,0.5,0,0,0,0.1,0.1,0,0,0,0,42,0,0,0,0,0.2,0,0,0,0,0.05,0,0,0,0.075,0.005,0,0,0,0.01875,0.00125,0,0,0,0.01,0.02,0,0.9,0.9,85.433135,89.1094211,10,0.1,0.1,59.91728543,65.58126597,NA
20,20,150,10,1,0.25,0.05,0.05,50,100,5,50,100,5,1,320,80,0,0,0,32000,8000,0,0,0,0.5,0.5,0,0,0,0.1,0.1,0,0,0,0,42,0,0,0,0,0.2,0,0,0,0,0.05,0,0,0,0.075,0.005,0,0,0,0.01875,0.00125,0,0,0,0.01,0.02,0,0.1,0.1,4.72E-09,3.10E-08,NA,0.9,0.9,77.7335873,81.70787661,14
20,20,150,10,2,0.5,0.05,0.05,50,100,5,50,100,5,1,320,80,0,0,0,32000,8000,0,0,0,0.5,0.5,0,0,0,0.1,0.1,0,0,0,0,42,0,0,0,0,0.2,0,0,0,0,0.05,0,0,0,0.075,0.005,0,0,0,0.01875,0.00125,0,0,0,0.01,0.02,0,0.1,0.1,7.30E-08,4.76E-07,NA,0.9,0.9,77.73357449,81.70725749,14
20,20,150,10,3,0.75,0.05,0.05,50,100,5,50,100,5,1,320,80,0,0,0,32000,8000,0,0,0,0.5,0.5,0,0,0,0.1,0.1,0,0,0,0,42,0,0,0,0,0.2,0,0,0,0,0.05,0,0,0,0.075,0.005,0,0,0,0.01875,0.00125,0,0,0,0.01,0.02,0,0.1,0.1,7.04E-07,4.55E-06,NA,0.9,0.9,77.73367019,81.70901225,14
20,20,150,10,5,1.25,0.05,0.05,50,100,5,50,100,5,1,320,80,0,0,0,32000,8000,0,0,0,0.5,0.5,0,0,0,0.1,0.1,0,0,0,0,42,0,0,0,0,0.2,0,0,0,0,0.05,0,0,0,0.075,0.005,0,0,0,0.01875,0.00125,0,0,0,0.01,0.02,0,0.1,0.1,0.000186093,0.001156507,NA,0.8,0.9,77.73325578,81.70719796,14
20,20,150,10,7.5,1.875,0.05,0.05,50,100,5,50,100,5,1,320,80,0,0,0,32000,8000,0,0,0,0.5,0.5,0,0,0,0.1,0.1,0,0,0,0,42,0,0,0,0,0.2,0,0,0,0,0.05,0,0,0,0.075,0.005,0,0,0,0.01875,0.00125,0,0,0,0.01,0.02,0,1,1,84.70124812,88.67892797,10,0,0,60.09126531,65.71999959,NA
20,20,150,10,10,2.5,0.05,0.05,50,100,5,50,100,5,1,320,80,0,0,0,32000,8000,0,0,0,0.5,0.5,0,0,0,0.1,0.1,0,0,0,0,42,0,0,0,0,0.2,0,0,0,0,0.05,0,0,0,0.075,0.005,0,0,0,0.01875,0.00125,0,0,0,0.01,0.02,0,1,1,85.43214368,89.11247668,10,0,0,59.91880443,65.58255529,NA
20,20,150,10,1,0.25,0.05,0.05,50,100,5,50,100,5,1,200,200,0,0,0,20000,20000,0,0,0,0.5,0.5,0,0,0,0.1,0.1,0,0,0,0,42,0,0,0,0,0.2,0,0,0,0,0.05,0,0,0,0.075,0.005,0,0,0,0.01875,0.00125,0,0,0,0.01,0.02,0,0,0,3.34E-12,2.20E-11,NA,1,1,77.7335986,81.70784162,14
20,20,150,10,2,0.5,0.05,0.05,50,100,5,50,100,5,1,200,200,0,0,0,20000,20000,0,0,0,0.5,0.5,0,0,0,0.1,0.1,0,0,0,0,42,0,0,0,0,0.2,0,0,0,0,0.05,0,0,0,0.075,0.005,0,0,0,0.01875,0.00125,0,0,0,0.01,0.02,0,0,0,3.36E-10,2.19E-09,NA,1,1,77.73340785,81.70701589,14
20,20,150,10,3,0.75,0.05,0.05,50,100,5,50,100,5,1,200,200,0,0,0,20000,20000,0,0,0,0.5,0.5,0,0,0,0.1,0.1,0,0,0,0,42,0,0,0,0,0.2,0,0,0,0,0.05,0,0,0,0.075,0.005,0,0,0,0.01875,0.00125,0,0,0,0.01,0.02,0,0.1,0.1,6.93E-07,4.47E-06,NA,0.9,0.9,77.73346768,81.7098561,14
20,20,150,10,5,1.25,0.05,0.05,50,100,5,50,100,5,1,200,200,0,0,0,20000,20000,0,0,0,0.5,0.5,0,0,0,0.1,0.1,0,0,0,0,42,0,0,0,0,0.2,0,0,0,0,0.05,0,0,0,0.075,0.005,0,0,0,0.01875,0.00125,0,0,0,0.01,0.02,0,0.1,0.1,0.00018566,0.001153776,NA,0.8,0.9,77.73308677,81.7074521,14
20,20,150,10,7.5,1.875,0.05,0.05,50,100,5,50,100,5,1,200,200,0,0,0,20000,20000,0,0,0,0.5,0.5,0,0,0,0.1,0.1,0,0,0,0,42,0,0,0,0,0.2,0,0,0,0,0.05,0,0,0,0.075,0.005,0,0,0,0.01875,0.00125,0,0,0,0.01,0.02,0,1,1,84.69895968,88.67932011,10,0,0,60.09198934,65.72244187,NA
20,20,150,10,10,2.5,0.05,0.05,50,100,5,50,100,5,1,200,200,0,0,0,20000,20000,0,0,0,0.5,0.5,0,0,0,0.1,0.1,0,0,0,0,42,0,0,0,0,0.2,0,0,0,0,0.05,0,0,0,0.075,0.005,0,0,0,0.01875,0.00125,0,0,0,0.01,0.02,0,1,1,85.4317729,89.10528663,10,0,0,59.91899838,65.58231405,NA
20,20,150,10,1,0.25,0.05,0.05,50,100,5,50,100,5,1,80,320,0,0,0,8000,32000,0,0,0,0.5,0.5,0,0,0,0.1,0.1,0,0,0,0,42,0,0,0,0,0.2,0,0,0,0,0.05,0,0,0,0.075,0.005,0,0,0,0.01875,0.00125,0,0,0,0.01,0.02,0,0,0,5.15E-12,3.39E-11,NA,0.9,1,77.73354476,81.7084503,14
20,20,150,10,2,0.5,0.05,0.05,50,100,5,50,100,5,1,80,320,0,0,0,8000,32000,0,0,0,0.5,0.5,0,0,0,0.1,0.1,0,0,0,0,42,0,0,0,0,0.2,0,0,0,0,0.05,0,0,0,0.075,0.005,0,0,0,0.01875,0.00125,0,0,0,0.01,0.02,0,0,0,1.25E-10,8.17E-10,NA,0.9,1,77.73398717,81.70760251,14
20,20,150,10,3,0.75,0.05,0.05,50,100,5,50,100,5,1,80,320,0,0,0,8000,32000,0,0,0,0.5,0.5,0,0,0,0.1,0.1,0,0,0,0,42,0,0,0,0,0.2,0,0,0,0,0.05,0,0,0,0.075,0.005,0,0,0,0.01875,0.00125,0,0,0,0.01,0.02,0,0,0,3.70E-09,2.39E-08,NA,0.9,1,77.73343675,81.7087556,14
20,20,150,10,5,1.25,0.05,0.05,50,100,5,50,100,5,1,80,320,0,0,0,8000,32000,0,0,0,0.5,0.5,0,0,0,0.1,0.1,0,0,0,0,42,0,0,0,0,0.2,0,0,0,0,0.05,0,0,0,0.075,0.005,0,0,0,0.01875,0.00125,0,0,0,0.01,0.02,0,0.1,0.1,0.00018506,0.00115007,NA,0.8,0.9,77.733852,81.70767502,14
20,20,150,10,7.5,1.875,0.05,0.05,50,100,5,50,100,5,1,80,320,0,0,0,8000,32000,0,0,0,0.5,0.5,0,0,0,0.1,0.1,0,0,0,0,42,0,0,0,0,0.2,0,0,0,0,0.05,0,0,0,0.075,0.005,0,0,0,0.01875,0.00125,0,0,0,0.01,0.02,0,1,1,84.70011622,88.67981423,10,0,0,60.09270588,65.7225658,NA
20,20,150,10,10,2.5,0.05,0.05,50,100,5,50,100,5,1,80,320,0,0,0,8000,32000,0,0,0,0.5,0.5,0,0,0,0.1,0.1,0,0,0,0,42,0,0,0,0,0.2,0,0,0,0,0.05,0,0,0,0.075,0.005,0,0,0,0.01875,0.00125,0,0,0,0.01,0.02,0,1,1,85.43246006,89.11369253,10,0,0,59.91865316,65.58289476,NA
20,20,150,10,1,0.25,0.05,0.05,50,100,5,50,100,5,1,4,396,0,0,0,400,39600,0,0,0,0.5,0.5,0,0,0,0.1,0.1,0,0,0,0,42,0,0,0,0,0.2,0,0,0,0,0.05,0,0,0,0.075,0.005,0,0,0,0.01875,0.00125,0,0,0,0.01,0.02,0,0,0.1,1.33E-10,8.78E-10,NA,0.9,0.9,77.7334055,81.70901198,14
20,20,150,10,2,0.5,0.05,0.05,50,100,5,50,100,5,1,4,396,0,0,0,400,39600,0,0,0,0.5,0.5,0,0,0,0.1,0.1,0,0,0,0,42,0,0,0,0,0.2,0,0,0,0,0.05,0,0,0,0.075,0.005,0,0,0,0.01875,0.00125,0,0,0,0.01,0.02,0,0.1,0.1,1.72E-07,1.12E-06,NA,0.8,0.9,77.73270779,81.7068514,14
20,20,150,10,3,0.75,0.05,0.05,50,100,5,50,100,5,1,4,396,0,0,0,400,39600,0,0,0,0.5,0.5,0,0,0,0.1,0.1,0,0,0,0,42,0,0,0,0,0.2,0,0,0,0,0.05,0,0,0,0.075,0.005,0,0,0,0.01875,0.00125,0,0,0,0.01,0.02,0,0.1,0.1,3.99E-06,2.57E-05,NA,0.8,0.8,77.73349594,81.70790089,14
20,20,150,10,5,1.25,0.05,0.05,50,100,5,50,100,5,1,4,396,0,0,0,400,39600,0,0,0,0.5,0.5,0,0,0,0.1,0.1,0,0,0,0,42,0,0,0,0,0.2,0,0,0,0,0.05,0,0,0,0.075,0.005,0,0,0,0.01875,0.00125,0,0,0,0.01,0.02,0,0.2,0.3,0.667710509,3.858028277,NA,0.7,0.7,77.57513164,81.70760614,14.28571429
20,20,150,10,7.5,1.875,0.05,0.05,50,100,5,50,100,5,1,4,396,0,0,0,400,39600,0,0,0,0.5,0.5,0,0,0,0.1,0.1,0,0,0,0,42,0,0,0,0,0.2,0,0,0,0,0.05,0,0,0,0.075,0.005,0,0,0,0.01875,0.00125,0,0,0,0.01,0.02,0,1,1,84.71521779,88.68672165,10,0,0,59.48426411,65.63591738,NA
20,20,150,10,10,2.5,0.05,0.05,50,100,5,50,100,5,1,4,396,0,0,0,400,39600,0,0,0,0.5,0.5,0,0,0,0.1,0.1,0,0,0,0,42,0,0,0,0,0.2,0,0,0,0,0.05,0,0,0,0.075,0.005,0,0,0,0.01875,0.00125,0,0,0,0.01,0.02,0,1,1,85.43108019,89.11783712,10,0,0,59.88072608,65.58358141,NA
20,20,150,10,1,0.25,0.05,0.05,50,100,5,50,100,5,1,396,396,0,0,0,39600,400,0,0,0,0.5,0.5,0,0,0,0.1,0.1,0,0,0,0,42,0,0,0,0,0.2,0,0,0,0,0.05,0,0,0,0.075,0.005,0,0,0,0.01875,0.00125,0,0,0,0.01,0.02,0,0.1,0.1,4.89E-09,3.22E-08,NA,0.9,0.9,77.73361494,81.70912532,14
20,20,150,10,2,0.5,0.05,0.05,50,100,5,50,100,5,1,396,396,0,0,0,39600,400,0,0,0,0.5,0.5,0,0,0,0.1,0.1,0,0,0,0,42,0,0,0,0,0.2,0,0,0,0,0.05,0,0,0,0.075,0.005,0,0,0,0.01875,0.00125,0,0,0,0.01,0.02,0,0.1,0.1,7.31E-08,4.77E-07,NA,0.9,0.9,77.73313784,81.70781564,14
20,20,150,10,3,0.75,0.05,0.05,50,100,5,50,100,5,1,396,396,0,0,0,39600,400,0,0,0,0.5,0.5,0,0,0,0.1,0.1,0,0,0,0,42,0,0,0,0,0.2,0,0,0,0,0.05,0,0,0,0.075,0.005,0,0,0,0.01875,0.00125,0,0,0,0.01,0.02,0,0.1,0.1,7.04E-07,4.55E-06,NA,0.9,0.9,77.73428652,81.70902712,14
20,20,150,10,5,1.25,0.05,0.05,50,100,5,50,100,5,1,396,396,0,0,0,39600,400,0,0,0,0.5,0.5,0,0,0,0.1,0.1,0,0,0,0,42,0,0,0,0,0.2,0,0,0,0,0.05,0,0,0,0.075,0.005,0,0,0,0.01875,0.00125,0,0,0,0.01,0.02,0,0.1,0.1,0.000185848,0.001154903,NA,0.8,0.9,77.73320529,81.70732869,14
20,20,150,10,7.5,1.875,0.05,0.05,50,100,5,50,100,5,1,396,396,0,0,0,39600,400,0,0,0,0.5,0.5,0,0,0,0.1,0.1,0,0,0,0,42,0,0,0,0,0.2,0,0,0,0,0.05,0,0,0,0.075,0.005,0,0,0,0.01875,0.00125,0,0,0,0.01,0.02,0,1,1,84.70175126,88.67451678,10,0,0,60.09194185,65.72182232,NA
20,20,150,10,10,2.5,0.05,0.05,50,100,5,50,100,5,1,396,396,0,0,0,39600,400,0,0,0,0.5,0.5,0,0,0,0.1,0.1,0,0,0,0,42,0,0,0,0,0.2,0,0,0,0,0.05,0,0,0,0.075,0.005,0,0,0,0.01875,0.00125,0,0,0,0.01,0.02,0,1,1,85.4323101,89.1139479,10,0,0,59.9185628,65.58251151,NA
20,20,150,10,1,0.25,0.05,0.05,50,100,5,50,100,5,1,396,396,0,0,0,32000,8000,0,0,0,0.5,0.5,0,0,0,0.1,0.1,0,0,0,0,42,0,0,0,0,0.2,0,0,0,0,0.05,0,0,0,0.075,0.005,0,0,0,0.01875,0.00125,0,0,0,0.01,0.02,0,0.1,0.1,4.97E-09,3.27E-08,NA,0.9,0.9,77.7336023,81.70811986,14
20,20,150,10,2,0.5,0.05,0.05,50,100,5,50,100,5,1,396,396,0,0,0,32000,8000,0,0,0,0.5,0.5,0,0,0,0.1,0.1,0,0,0,0,42,0,0,0,0,0.2,0,0,0,0,0.05,0,0,0,0.075,0.005,0,0,0,0.01875,0.00125,0,0,0,0.01,0.02,0,0.1,0.1,7.33E-08,4.78E-07,NA,0.9,0.9,77.73316167,81.70848259,14
20,20,150,10,3,0.75,0.05,0.05,50,100,5,50,100,5,1,396,396,0,0,0,32000,8000,0,0,0,0.5,0.5,0,0,0,0.1,0.1,0,0,0,0,42,0,0,0,0,0.2,0,0,0,0,0.05,0,0,0,0.075,0.005,0,0,0,0.01875,0.00125,0,0,0,0.01,0.02,0,0.1,0.1,7.05E-07,4.55E-06,NA,0.9,0.9,77.73389312,81.70961346,14
20,20,150,10,5,1.25,0.05,0.05,50,100,5,50,100,5,1,396,396,0,0,0,32000,8000,0,0,0,0.5,0.5,0,0,0,0.1,0.1,0,0,0,0,42,0,0,0,0,0.2,0,0,0,0,0.05,0,0,0,0.075,0.005,0,0,0,0.01875,0.00125,0,0,0,0.01,0.02,0,0.1,0.1,0.000186033,0.001156023,NA,0.8,0.9,77.73357146,81.70741798,14
20,20,150,10,7.5,1.875,0.05,0.05,50,100,5,50,100,5,1,396,396,0,0,0,32000,8000,0,0,0,0.5,0.5,0,0,0,0.1,0.1,0,0,0,0,42,0,0,0,0,0.2,0,0,0,0,0.05,0,0,0,0.075,0.005,0,0,0,0.01875,0.00125,0,0,0,0.01,0.02,0,1,1,84.700108,88.67337954,10,0,0,60.09247336,65.72287543,NA
20,20,150,10,10,2.5,0.05,0.05,50,100,5,50,100,5,1,396,396,0,0,0,32000,8000,0,0,0,0.5,0.5,0,0,0,0.1,0.1,0,0,0,0,42,0,0,0,0,0.2,0,0,0,0,0.05,0,0,0,0.075,0.005,0,0,0,0.01875,0.00125,0,0,0,0.01,0.02,0,1,1,85.43322591,89.11561631,10,0,0,59.91889055,65.58213568,NA
20,20,150,10,1,0.25,0.05,0.05,50,100,5,50,100,5,1,396,396,0,0,0,20000,20000,0,0,0,0.5,0.5,0,0,0,0.1,0.1,0,0,0,0,42,0,0,0,0,0.2,0,0,0,0,0.05,0,0,0,0.075,0.005,0,0,0,0.01875,0.00125,0,0,0,0.01,0.02,0,0,0,2.39E-12,1.57E-11,NA,1,1,77.7339018,81.70808648,14
20,20,150,10,2,0.5,0.05,0.05,50,100,5,50,100,5,1,396,396,0,0,0,20000,20000,0,0,0,0.5,0.5,0,0,0,0.1,0.1,0,0,0,0,42,0,0,0,0,0.2,0,0,0,0,0.05,0,0,0,0.075,0.005,0,0,0,0.01875,0.00125,0,0,0,0.01,0.02,0,0.1,0.1,6.80E-08,4.43E-07,NA,0.9,0.9,77.73433557,81.70981685,14
20,20,150,10,3,0.75,0.05,0.05,50,100,5,50,100,5,1,396,396,0,0,0,20000,20000,0,0,0,0.5,0.5,0,0,0,0.1,0.1,0,0,0,0,42,0,0,0,0,0.2,0,0,0,0,0.05,0,0,0,0.075,0.005,0,0,0,0.01875,0.00125,0,0,0,0.01,0.02,0,0.1,0.1,6.98E-07,4.51E-06,NA,0.9,0.9,77.73380423,81.70872617,14
20,20,150,10,5,1.25,0.05,0.05,50,100,5,50,100,5,1,396,396,0,0,0,20000,20000,0,0,0,0.5,0.5,0,0,0,0.1,0.1,0,0,0,0,42,0,0,0,0,0.2,0,0,0,0,0.05,0,0,0,0.075,0.005,0,0,0,0.01875,0.00125,0,0,0,0.01,0.02,0,0.1,0.1,0.000185823,0.001154791,NA,0.8,0.9,77.7337422,81.70790056,14
20,20,150,10,7.5,1.875,0.05,0.05,50,100,5,50,100,5,1,396,396,0,0,0,20000,20000,0,0,0,0.5,0.5,0,0,0,0.1,0.1,0,0,0,0,42,0,0,0,0,0.2,0,0,0,0,0.05,0,0,0,0.075,0.005,0,0,0,0.01875,0.00125,0,0,0,0.01,0.02,0,1,1,84.70140905,88.67470294,10,0,0,60.09207193,65.72211529,NA
20,20,150,10,10,2.5,0.05,0.05,50,100,5,50,100,5,1,396,396,0,0,0,20000,20000,0,0,0,0.5,0.5,0,0,0,0.1,0.1,0,0,0,0,42,0,0,0,0,0.2,0,0,0,0,0.05,0,0,0,0.075,0.005,0,0,0,0.01875,0.00125,0,0,0,0.01,0.02,0,1,1,85.43302745,89.11712121,10,0,0,59.91930856,65.58210702,NA
20,20,150,10,1,0.25,0.05,0.05,50,100,5,50,100,5,1,396,396,0,0,0,8000,32000,0,0,0,0.5,0.5,0,0,0,0.1,0.1,0,0,0,0,42,0,0,0,0,0.2,0,0,0,0,0.05,0,0,0,0.075,0.005,0,0,0,0.01875,0.00125,0,0,0,0.01,0.02,0,0,0,2.69E-12,1.77E-11,NA,1,1,77.73346251,81.70983063,14
20,20,150,10,2,0.5,0.05,0.05,50,100,5,50,100,5,1,396,396,0,0,0,8000,32000,0,0,0,0.5,0.5,0,0,0,0.1,0.1,0,0,0,0,42,0,0,0,0,0.2,0,0,0,0,0.05,0,0,0,0.075,0.005,0,0,0,0.01875,0.00125,0,0,0,0.01,0.02,0,0,0,5.15E-11,3.36E-10,NA,1,1,77.73364643,81.70881997,14
20,20,150,10,3,0.75,0.05,0.05,50,100,5,50,100,5,1,396,396,0,0,0,8000,32000,0,0,0,0.5,0.5,0,0,0,0.1,0.1,0,0,0,0,42,0,0,0,0,0.2,0,0,0,0,0.05,0,0,0,0.075,0.005,0,0,0,0.01875,0.00125,0,0,0,0.01,0.02,0,0,0,8.72E-10,5.63E-09,NA,1,1,77.73345771,81.70800676,14
20,20,150,10,5,1.25,0.05,0.05,50,100,5,50,100,5,1,396,396,0,0,0,8000,32000,0,0,0,0.5,0.5,0,0,0,0.1,0.1,0,0,0,0,42,0,0,0,0,0.2,0,0,0,0,0.05,0,0,0,0.075,0.005,0,0,0,0.01875,0.00125,0,0,0,0.01,0.02,0,0.1,0.1,0.000184945,0.001149342,NA,0.8,0.9,77.73352514,81.7082241,14
20,20,150,10,7.5,1.875,0.05,0.05,50,100,5,50,100,5,1,396,396,0,0,0,8000,32000,0,0,0,0.5,0.5,0,0,0,0.1,0.1,0,0,0,0,42,0,0,0,0,0.2,0,0,0,0,0.05,0,0,0,0.075,0.005,0,0,0,0.01875,0.00125,0,0,0,0.01,0.02,0,1,1,84.7005846,88.67574038,10,0,0,60.09243983,65.72260143,NA
20,20,150,10,10,2.5,0.05,0.05,50,100,5,50,100,5,1,396,396,0,0,0,8000,32000,0,0,0,0.5,0.5,0,0,0,0.1,0.1,0,0,0,0,42,0,0,0,0,0.2,0,0,0,0,0.05,0,0,0,0.075,0.005,0,0,0,0.01875,0.00125,0,0,0,0.01,0.02,0,1,1,85.4323874,89.11131609,10,0,0,59.91949037,65.58333121,NA
20,20,150,10,1,0.25,0.05,0.05,50,100,5,50,100,5,1,396,396,0,0,0,400,39600,0,0,0,0.5,0.5,0,0,0,0.1,0.1,0,0,0,0,42,0,0,0,0,0.2,0,0,0,0,0.05,0,0,0,0.075,0.005,0,0,0,0.01875,0.00125,0,0,0,0.01,0.02,0,0,0,5.99E-12,3.95E-11,NA,0.9,1,77.73308169,81.70762227,14
20,20,150,10,2,0.5,0.05,0.05,50,100,5,50,100,5,1,396,396,0,0,0,400,39600,0,0,0,0.5,0.5,0,0,0,0.1,0.1,0,0,0,0,42,0,0,0,0,0.2,0,0,0,0,0.05,0,0,0,0.075,0.005,0,0,0,0.01875,0.00125,0,0,0,0.01,0.02,0,0,0,1.28E-10,8.34E-10,NA,0.9,1,77.7328355,81.70727882,14
20,20,150,10,3,0.75,0.05,0.05,50,100,5,50,100,5,1,396,396,0,0,0,400,39600,0,0,0,0.5,0.5,0,0,0,0.1,0.1,0,0,0,0,42,0,0,0,0,0.2,0,0,0,0,0.05,0,0,0,0.075,0.005,0,0,0,0.01875,0.00125,0,0,0,0.01,0.02,0,0,0,1.88E-09,1.21E-08,NA,0.9,1,77.73350094,81.70816556,14
20,20,150,10,5,1.25,0.05,0.05,50,100,5,50,100,5,1,396,396,0,0,0,400,39600,0,0,0,0.5,0.5,0,0,0,0.1,0.1,0,0,0,0,42,0,0,0,0,0.2,0,0,0,0,0.05,0,0,0,0.075,0.005,0,0,0,0.01875,0.00125,0,0,0,0.01,0.02,0,0,0,3.54E-06,2.20E-05,NA,0.9,0.9,77.7329848,81.7072731,14
20,20,150,10,7.5,1.875,0.05,0.05,50,100,5,50,100,5,1,396,396,0,0,0,400,39600,0,0,0,0.5,0.5,0,0,0,0.1,0.1,0,0,0,0,42,0,0,0,0,0.2,0,0,0,0,0.05,0,0,0,0.075,0.005,0,0,0,0.01875,0.00125,0,0,0,0.01,0.02,0,1,1,84.70240437,88.67401363,10,0,0,60.09104317,65.72038769,NA
20,20,150,10,10,2.5,0.05,0.05,50,100,5,50,100,5,1,396,396,0,0,0,400,39600,0,0,0,0.5,0.5,0,0,0,0.1,0.1,0,0,0,0,42,0,0,0,0,0.2,0,0,0,0,0.05,0,0,0,0.075,0.005,0,0,0,0.01875,0.00125,0,0,0,0.01,0.02,0,1,1,85.43356383,89.11563004,10,0,0,59.91787728,65.58139435,NA
20,20,150,10,1,0.25,0.05,0.05,50,100,5,50,100,5,1,200,200,0,0,0,39600,400,0,0,0,0.5,0.5,0,0,0,0.1,0.1,0,0,0,0,42,0,0,0,0,0.2,0,0,0,0,0.05,0,0,0,0.075,0.005,0,0,0,0.01875,0.00125,0,0,0,0.01,0.02,0,0,0.1,4.19E-09,2.76E-08,NA,1,0.9,77.73449486,81.70858463,14
20,20,150,10,2,0.5,0.05,0.05,50,100,5,50,100,5,1,200,200,0,0,0,39600,400,0,0,0,0.5,0.5,0,0,0,0.1,0.1,0,0,0,0,42,0,0,0,0,0.2,0,0,0,0,0.05,0,0,0,0.075,0.005,0,0,0,0.01875,0.00125,0,0,0,0.01,0.02,0,0.1,0.1,7.25E-08,4.73E-07,NA,0.9,0.9,77.73370057,81.70951107,14
20,20,150,10,3,0.75,0.05,0.05,50,100,5,50,100,5,1,200,200,0,0,0,39600,400,0,0,0,0.5,0.5,0,0,0,0.1,0.1,0,0,0,0,42,0,0,0,0,0.2,0,0,0,0,0.05,0,0,0,0.075,0.005,0,0,0,0.01875,0.00125,0,0,0,0.01,0.02,0,0.1,0.1,7.03E-07,4.54E-06,NA,0.9,0.9,77.73373345,81.70989934,14
20,20,150,10,5,1.25,0.05,0.05,50,100,5,50,100,5,1,200,200,0,0,0,39600,400,0,0,0,0.5,0.5,0,0,0,0.1,0.1,0,0,0,0,42,0,0,0,0,0.2,0,0,0,0,0.05,0,0,0,0.075,0.005,0,0,0,0.01875,0.00125,0,0,0,0.01,0.02,0,0.1,0.1,0.000186083,0.001156446,NA,0.8,0.9,77.73410388,81.70882882,14
20,20,150,10,7.5,1.875,0.05,0.05,50,100,5,50,100,5,1,200,200,0,0,0,39600,400,0,0,0,0.5,0.5,0,0,0,0.1,0.1,0,0,0,0,42,0,0,0,0,0.2,0,0,0,0,0.05,0,0,0,0.075,0.005,0,0,0,0.01875,0.00125,0,0,0,0.01,0.02,0,1,1,84.70091863,88.67664436,10,0,0,60.09158374,65.72098586,NA
20,20,150,10,10,2.5,0.05,0.05,50,100,5,50,100,5,1,200,200,0,0,0,39600,400,0,0,0,0.5,0.5,0,0,0,0.1,0.1,0,0,0,0,42,0,0,0,0,0.2,0,0,0,0,0.05,0,0,0,0.075,0.005,0,0,0,0.01875,0.00125,0,0,0,0.01,0.02,0,1,1,85.43294971,89.10925086,10,0,0,59.91835329,65.58330597,NA
20,20,150,10,1,0.25,0.05,0.05,50,100,5,50,100,5,1,200,200,0,0,0,32000,8000,0,0,0,0.5,0.5,0,0,0,0.1,0.1,0,0,0,0,42,0,0,0,0,0.2,0,0,0,0,0.05,0,0,0,0.075,0.005,0,0,0,0.01875,0.00125,0,0,0,0.01,0.02,0,0.1,0.1,4.70E-09,3.09E-08,NA,0.9,0.9,77.73282176,81.70619208,14
20,20,150,10,2,0.5,0.05,0.05,50,100,5,50,100,5,1,200,200,0,0,0,32000,8000,0,0,0,0.5,0.5,0,0,0,0.1,0.1,0,0,0,0,42,0,0,0,0,0.2,0,0,0,0,0.05,0,0,0,0.075,0.005,0,0,0,0.01875,0.00125,0,0,0,0.01,0.02,0,0.1,0.1,7.31E-08,4.76E-07,NA,0.9,0.9,77.73339677,81.70740388,14
20,20,150,10,3,0.75,0.05,0.05,50,100,5,50,100,5,1,200,200,0,0,0,32000,8000,0,0,0,0.5,0.5,0,0,0,0.1,0.1,0,0,0,0,42,0,0,0,0,0.2,0,0,0,0,0.05,0,0,0,0.075,0.005,0,0,0,0.01875,0.00125,0,0,0,0.01,0.02,0,0.1,0.1,7.04E-07,4.55E-06,NA,0.9,0.9,77.73371118,81.70950599,14
20,20,150,10,5,1.25,0.05,0.05,50,100,5,50,100,5,1,200,200,0,0,0,32000,8000,0,0,0,0.5,0.5,0,0,0,0.1,0.1,0,0,0,0,42,0,0,0,0,0.2,0,0,0,0,0.05,0,0,0,0.075,0.005,0,0,0,0.01875,0.00125,0,0,0,0.01,0.02,0,0.1,0.1,0.000186086,0.001156377,NA,0.8,0.9,77.73326562,81.70726527,14
20,20,150,10,7.5,1.875,0.05,0.05,50,100,5,50,100,5,1,200,200,0,0,0,32000,8000,0,0,0,0.5,0.5,0,0,0,0.1,0.1,0,0,0,0,42,0,0,0,0,0.2,0,0,0,0,0.05,0,0,0,0.075,0.005,0,0,0,0.01875,0.00125,0,0,0,0.01,0.02,0,1,1,84.70116874,88.6783914,10,0,0,60.0919693,65.72086055,NA
20,20,150,10,10,2.5,0.05,0.05,50,100,5,50,100,5,1,200,200,0,0,0,32000,8000,0,0,0,0.5,0.5,0,0,0,0.1,0.1,0,0,0,0,42,0,0,0,0,0.2,0,0,0,0,0.05,0,0,0,0.075,0.005,0,0,0,0.01875,0.00125,0,0,0,0.01,0.02,0,1,1,85.43220765,89.11780194,10,0,0,59.91878618,65.58230741,NA
20,20,150,10,1,0.25,0.05,0.05,50,100,5,50,100,5,1,200,200,0,0,0,20000,20000,0,0,0,0.5,0.5,0,0,0,0.1,0.1,0,0,0,0,42,0,0,0,0,0.2,0,0,0,0,0.05,0,0,0,0.075,0.005,0,0,0,0.01875,0.00125,0,0,0,0.01,0.02,0,0,0,3.37E-12,2.22E-11,NA,1,1,77.73408624,81.7084765,14
20,20,150,10,2,0.5,0.05,0.05,50,100,5,50,100,5,1,200,200,0,0,0,20000,20000,0,0,0,0.5,0.5,0,0,0,0.1,0.1,0,0,0,0,42,0,0,0,0,0.2,0,0,0,0,0.05,0,0,0,0.075,0.005,0,0,0,0.01875,0.00125,0,0,0,0.01,0.02,0,0,0,2.91E-10,1.90E-09,NA,1,1,77.73302315,81.70659212,14
20,20,150,10,3,0.75,0.05,0.05,50,100,5,50,100,5,1,200,200,0,0,0,20000,20000,0,0,0,0.5,0.5,0,0,0,0.1,0.1,0,0,0,0,42,0,0,0,0,0.2,0,0,0,0,0.05,0,0,0,0.075,0.005,0,0,0,0.01875,0.00125,0,0,0,0.01,0.02,0,0.1,0.1,6.93E-07,4.47E-06,NA,0.9,0.9,77.73212138,81.70784446,14
20,20,150,10,5,1.25,0.05,0.05,50,100,5,50,100,5,1,200,200,0,0,0,20000,20000,0,0,0,0.5,0.5,0,0,0,0.1,0.1,0,0,0,0,42,0,0,0,0,0.2,0,0,0,0,0.05,0,0,0,0.075,0.005,0,0,0,0.01875,0.00125,0,0,0,0.01,0.02,0,0.1,0.1,0.000185959,0.001155591,NA,0.8,0.9,77.73360327,81.70729396,14
20,20,150,10,7.5,1.875,0.05,0.05,50,100,5,50,100,5,1,200,200,0,0,0,20000,20000,0,0,0,0.5,0.5,0,0,0,0.1,0.1,0,0,0,0,42,0,0,0,0,0.2,0,0,0,0,0.05,0,0,0,0.075,0.005,0,0,0,0.01875,0.00125,0,0,0,0.01,0.02,0,1,1,84.70225924,88.67479998,10,0,0,60.09181728,65.72076926,NA
20,20,150,10,10,2.5,0.05,0.05,50,100,5,50,100,5,1,200,200,0,0,0,20000,20000,0,0,0,0.5,0.5,0,0,0,0.1,0.1,0,0,0,0,42,0,0,0,0,0.2,0,0,0,0,0.05,0,0,0,0.075,0.005,0,0,0,0.01875,0.00125,0,0,0,0.01,0.02,0,1,1,85.43204695,89.10752185,10,0,0,59.91880114,65.58264405,NA
20,20,150,10,1,0.25,0.05,0.05,50,100,5,50,100,5,1,200,200,0,0,0,8000,32000,0,0,0,0.5,0.5,0,0,0,0.1,0.1,0,0,0,0,42,0,0,0,0,0.2,0,0,0,0,0.05,0,0,0,0.075,0.005,0,0,0,0.01875,0.00125,0,0,0,0.01,0.02,0,0,0,2.78E-12,1.83E-11,NA,1,1,77.73402991,81.70820897,14
20,20,150,10,2,0.5,0.05,0.05,50,100,5,50,100,5,1,200,200,0,0,0,8000,32000,0,0,0,0.5,0.5,0,0,0,0.1,0.1,0,0,0,0,42,0,0,0,0,0.2,0,0,0,0,0.05,0,0,0,0.075,0.005,0,0,0,0.01875,0.00125,0,0,0,0.01,0.02,0,0,0,9.15E-11,5.97E-10,NA,0.9,1,77.73343284,81.70771185,14
20,20,150,10,3,0.75,0.05,0.05,50,100,5,50,100,5,1,200,200,0,0,0,8000,32000,0,0,0,0.5,0.5,0,0,0,0.1,0.1,0,0,0,0,42,0,0,0,0,0.2,0,0,0,0,0.05,0,0,0,0.075,0.005,0,0,0,0.01875,0.00125,0,0,0,0.01,0.02,0,0,0,1.74E-09,1.12E-08,NA,0.9,1,77.73354731,81.70824974,14
20,20,150,10,5,1.25,0.05,0.05,50,100,5,50,100,5,1,200,200,0,0,0,8000,32000,0,0,0,0.5,0.5,0,0,0,0.1,0.1,0,0,0,0,42,0,0,0,0,0.2,0,0,0,0,0.05,0,0,0,0.075,0.005,0,0,0,0.01875,0.00125,0,0,0,0.01,0.02,0,0.1,0.1,0.000184958,0.001149408,NA,0.8,0.9,77.73337794,81.70749264,14
20,20,150,10,7.5,1.875,0.05,0.05,50,100,5,50,100,5,1,200,200,0,0,0,8000,32000,0,0,0,0.5,0.5,0,0,0,0.1,0.1,0,0,0,0,42,0,0,0,0,0.2,0,0,0,0,0.05,0,0,0,0.075,0.005,0,0,0,0.01875,0.00125,0,0,0,0.01,0.02,0,1,1,84.7010364,88.67506756,10,0,0,60.09236513,65.72102186,NA
20,20,150,10,10,2.5,0.05,0.05,50,100,5,50,100,5,1,200,200,0,0,0,8000,32000,0,0,0,0.5,0.5,0,0,0,0.1,0.1,0,0,0,0,42,0,0,0,0,0.2,0,0,0,0,0.05,0,0,0,0.075,0.005,0,0,0,0.01875,0.00125,0,0,0,0.01,0.02,0,1,1,85.43211261,89.10860918,10,0,0,59.91849963,65.58163765,NA
20,20,150,10,1,0.25,0.05,0.05,50,100,5,50,100,5,1,200,200,0,0,0,400,39600,0,0,0,0.5,0.5,0,0,0,0.1,0.1,0,0,0,0,42,0,0,0,0,0.2,0,0,0,0,0.05,0,0,0,0.075,0.005,0,0,0,0.01875,0.00125,0,0,0,0.01,0.02,0,0,0,4.75E-12,3.12E-11,NA,0.9,1,77.73355566,81.70767558,14
20,20,150,10,2,0.5,0.05,0.05,50,100,5,50,100,5,1,200,200,0,0,0,400,39600,0,0,0,0.5,0.5,0,0,0,0.1,0.1,0,0,0,0,42,0,0,0,0,0.2,0,0,0,0,0.05,0,0,0,0.075,0.005,0,0,0,0.01875,0.00125,0,0,0,0.01,0.02,0,0,0,1.42E-10,9.26E-10,NA,0.9,1,77.73416923,81.70912054,14
20,20,150,10,3,0.75,0.05,0.05,50,100,5,50,100,5,1,200,200,0,0,0,400,39600,0,0,0,0.5,0.5,0,0,0,0.1,0.1,0,0,0,0,42,0,0,0,0,0.2,0,0,0,0,0.05,0,0,0,0.075,0.005,0,0,0,0.01875,0.00125,0,0,0,0.01,0.02,0,0,0,3.33E-09,2.15E-08,NA,0.9,1,77.73384628,81.70823346,14
20,20,150,10,5,1.25,0.05,0.05,50,100,5,50,100,5,1,200,200,0,0,0,400,39600,0,0,0,0.5,0.5,0,0,0,0.1,0.1,0,0,0,0,42,0,0,0,0,0.2,0,0,0,0,0.05,0,0,0,0.075,0.005,0,0,0,0.01875,0.00125,0,0,0,0.01,0.02,0,0,0.1,8.06E-06,5.01E-05,NA,0.9,0.9,77.73375476,81.70844423,14
20,20,150,10,7.5,1.875,0.05,0.05,50,100,5,50,100,5,1,200,200,0,0,0,400,39600,0,0,0,0.5,0.5,0,0,0,0.1,0.1,0,0,0,0,42,0,0,0,0,0.2,0,0,0,0,0.05,0,0,0,0.075,0.005,0,0,0,0.01875,0.00125,0,0,0,0.01,0.02,0,1,1,84.70055728,88.67289726,10,0,0,60.09234932,65.72166608,NA
20,20,150,10,10,2.5,0.05,0.05,50,100,5,50,100,5,1,200,200,0,0,0,400,39600,0,0,0,0.5,0.5,0,0,0,0.1,0.1,0,0,0,0,42,0,0,0,0,0.2,0,0,0,0,0.05,0,0,0,0.075,0.005,0,0,0,0.01875,0.00125,0,0,0,0.01,0.02,0,1,1,85.43108731,89.11279428,10,0,0,59.91880515,65.58257121,NA
20,20,150,10,1,0.25,0.05,0.05,50,100,5,50,100,5,1,396,4,0,0,0,39600,400,0,0,0,0.5,0.5,0,0,0,0.1,0.1,0,0,0,0,42,0,0,0,0,0.2,0,0,0,0,0.05,0,0,0,0.075,0.005,0,0,0,0.01875,0.00125,0,0,0,0.02,0.04,0,0,0,8.56E-09,5.71E-08,NA,0.8,0.9,70.64987471,74.93414916,20
20,20,150,10,2,0.5,0.05,0.05,50,100,5,50,100,5,1,396,4,0,0,0,39600,400,0,0,0,0.5,0.5,0,0,0,0.1,0.1,0,0,0,0,42,0,0,0,0,0.2,0,0,0,0,0.05,0,0,0,0.075,0.005,0,0,0,0.01875,0.00125,0,0,0,0.02,0.04,0,0,0.1,3.45E-07,2.21E-06,NA,0.8,0.9,70.64914686,74.93221686,20
20,20,150,10,3,0.75,0.05,0.05,50,100,5,50,100,5,1,396,4,0,0,0,39600,400,0,0,0,0.5,0.5,0,0,0,0.1,0.1,0,0,0,0,42,0,0,0,0,0.2,0,0,0,0,0.05,0,0,0,0.075,0.005,0,0,0,0.01875,0.00125,0,0,0,0.02,0.04,0,0,0,9.02E-06,5.64E-05,NA,0.8,0.8,70.64959757,74.93323427,20
20,20,150,10,5,1.25,0.05,0.05,50,100,5,50,100,5,1,396,4,0,0,0,39600,400,0,0,0,0.5,0.5,0,0,0,0.1,0.1,0,0,0,0,42,0,0,0,0,0.2,0,0,0,0,0.05,0,0,0,0.075,0.005,0,0,0,0.01875,0.00125,0,0,0,0.02,0.04,0,0.9,0.9,83.78049807,88.43468823,11,0,0,38.13978764,46.01474608,NA
20,20,150,10,7.5,1.875,0.05,0.05,50,100,5,50,100,5,1,396,4,0,0,0,39600,400,0,0,0,0.5,0.5,0,0,0,0.1,0.1,0,0,0,0,42,0,0,0,0,0.2,0,0,0,0,0.05,0,0,0,0.075,0.005,0,0,0,0.01875,0.00125,0,0,0,0.02,0.04,0,0.9,1,85.22983887,89.04638996,10,0,0,37.50925202,45.40537731,NA
20,20,150,10,10,2.5,0.05,0.05,50,100,5,50,100,5,1,396,4,0,0,0,39600,400,0,0,0,0.5,0.5,0,0,0,0.1,0.1,0,0,0,0,42,0,0,0,0,0.2,0,0,0,0,0.05,0,0,0,0.075,0.005,0,0,0,0.01875,0.00125,0,0,0,0.02,0.04,0,0.9,0.9,85.60712538,89.27139774,10,0,0,37.32627801,45.27250582,NA
20,20,150,10,1,0.25,0.05,0.05,50,100,5,50,100,5,1,320,80,0,0,0,32000,8000,0,0,0,0.5,0.5,0,0,0,0.1,0.1,0,0,0,0,42,0,0,0,0,0.2,0,0,0,0,0.05,0,0,0,0.075,0.005,0,0,0,0.01875,0.00125,0,0,0,0.02,0.04,0,0.1,0.1,9.48E-09,6.32E-08,NA,0.8,0.9,70.64942556,74.93335995,20
20,20,150,10,2,0.5,0.05,0.05,50,100,5,50,100,5,1,320,80,0,0,0,32000,8000,0,0,0,0.5,0.5,0,0,0,0.1,0.1,0,0,0,0,42,0,0,0,0,0.2,0,0,0,0,0.05,0,0,0,0.075,0.005,0,0,0,0.01875,0.00125,0,0,0,0.02,0.04,0,0.1,0.1,3.47E-07,2.23E-06,NA,0.8,0.9,70.64943157,74.93239693,20
20,20,150,10,3,0.75,0.05,0.05,50,100,5,50,100,5,1,320,80,0,0,0,32000,8000,0,0,0,0.5,0.5,0,0,0,0.1,0.1,0,0,0,0,42,0,0,0,0,0.2,0,0,0,0,0.05,0,0,0,0.075,0.005,0,0,0,0.01875,0.00125,0,0,0,0.02,0.04,0,0.1,0.1,9.08E-06,5.68E-05,NA,0.8,0.8,70.64926157,74.93285958,20
20,20,150,10,5,1.25,0.05,0.05,50,100,5,50,100,5,1,320,80,0,0,0,32000,8000,0,0,0,0.5,0.5,0,0,0,0.1,0.1,0,0,0,0,42,0,0,0,0,0.2,0,0,0,0,0.05,0,0,0,0.075,0.005,0,0,0,0.01875,0.00125,0,0,0,0.02,0.04,0,1,1,83.78196452,88.43547462,11,0,0,38.13904758,46.01370472,NA
20,20,150,10,7.5,1.875,0.05,0.05,50,100,5,50,100,5,1,320,80,0,0,0,32000,8000,0,0,0,0.5,0.5,0,0,0,0.1,0.1,0,0,0,0,42,0,0,0,0,0.2,0,0,0,0,0.05,0,0,0,0.075,0.005,0,0,0,0.01875,0.00125,0,0,0,0.02,0.04,0,1,1,85.22839423,89.04103252,10,0,0,37.50993199,45.4064689,NA
20,20,150,10,10,2.5,0.05,0.05,50,100,5,50,100,5,1,320,80,0,0,0,32000,8000,0,0,0,0.5,0.5,0,0,0,0.1,0.1,0,0,0,0,42,0,0,0,0,0.2,0,0,0,0,0.05,0,0,0,0.075,0.005,0,0,0,0.01875,0.00125,0,0,0,0.02,0.04,0,1,1,85.6082607,89.27892093,10,0,0,37.32552449,45.27149317,NA
20,20,150,10,1,0.25,0.05,0.05,50,100,5,50,100,5,1,200,200,0,0,0,20000,20000,0,0,0,0.5,0.5,0,0,0,0.1,0.1,0,0,0,0,42,0,0,0,0,0.2,0,0,0,0,0.05,0,0,0,0.075,0.005,0,0,0,0.01875,0.00125,0,0,0,0.02,0.04,0,0.1,0.1,8.89E-09,5.93E-08,NA,0.8,0.9,70.64886103,74.9331424,20
20,20,150,10,2,0.5,0.05,0.05,50,100,5,50,100,5,1,200,200,0,0,0,20000,20000,0,0,0,0.5,0.5,0,0,0,0.1,0.1,0,0,0,0,42,0,0,0,0,0.2,0,0,0,0,0.05,0,0,0,0.075,0.005,0,0,0,0.01875,0.00125,0,0,0,0.02,0.04,0,0.1,0.1,3.46E-07,2.22E-06,NA,0.8,0.9,70.649435,74.93254824,20
20,20,150,10,3,0.75,0.05,0.05,50,100,5,50,100,5,1,200,200,0,0,0,20000,20000,0,0,0,0.5,0.5,0,0,0,0.1,0.1,0,0,0,0,42,0,0,0,0,0.2,0,0,0,0,0.05,0,0,0,0.075,0.005,0,0,0,0.01875,0.00125,0,0,0,0.02,0.04,0,0.1,0.1,9.16E-06,5.73E-05,NA,0.8,0.8,70.64899981,74.93312033,20
20,20,150,10,5,1.25,0.05,0.05,50,100,5,50,100,5,1,200,200,0,0,0,20000,20000,0,0,0,0.5,0.5,0,0,0,0.1,0.1,0,0,0,0,42,0,0,0,0,0.2,0,0,0,0,0.05,0,0,0,0.075,0.005,0,0,0,0.01875,0.00125,0,0,0,0.02,0.04,0,1,1,83.78138138,88.42984314,11,0,0,38.13935905,46.01395488,NA
20,20,150,10,7.5,1.875,0.05,0.05,50,100,5,50,100,5,1,200,200,0,0,0,20000,20000,0,0,0,0.5,0.5,0,0,0,0.1,0.1,0,0,0,0,42,0,0,0,0,0.2,0,0,0,0,0.05,0,0,0,0.075,0.005,0,0,0,0.01875,0.00125,0,0,0,0.02,0.04,0,1,1,85.23154017,89.04758779,10,0,0,37.41130767,45.28880555,NA
20,20,150,10,10,2.5,0.05,0.05,50,100,5,50,100,5,1,200,200,0,0,0,20000,20000,0,0,0,0.5,0.5,0,0,0,0.1,0.1,0,0,0,0,42,0,0,0,0,0.2,0,0,0,0,0.05,0,0,0,0.075,0.005,0,0,0,0.01875,0.00125,0,0,0,0.02,0.04,0,1,1,85.60835287,89.28186713,10,0,0,37.23081524,45.1579298,NA
20,20,150,10,1,0.25,0.05,0.05,50,100,5,50,100,5,1,80,320,0,0,0,8000,32000,0,0,0,0.5,0.5,0,0,0,0.1,0.1,0,0,0,0,42,0,0,0,0,0.2,0,0,0,0,0.05,0,0,0,0.075,0.005,0,0,0,0.01875,0.00125,0,0,0,0.02,0.04,0,0,0,2.83E-11,1.88E-10,NA,0.9,0.9,70.64979413,74.93389711,20
20,20,150,10,2,0.5,0.05,0.05,50,100,5,50,100,5,1,80,320,0,0,0,8000,32000,0,0,0,0.5,0.5,0,0,0,0.1,0.1,0,0,0,0,42,0,0,0,0,0.2,0,0,0,0,0.05,0,0,0,0.075,0.005,0,0,0,0.01875,0.00125,0,0,0,0.02,0.04,0,0.1,0.1,3.47E-08,2.23E-07,NA,0.8,0.9,70.649177,74.933109,20
20,20,150,10,3,0.75,0.05,0.05,50,100,5,50,100,5,1,80,320,0,0,0,8000,32000,0,0,0,0.5,0.5,0,0,0,0.1,0.1,0,0,0,0,42,0,0,0,0,0.2,0,0,0,0,0.05,0,0,0,0.075,0.005,0,0,0,0.01875,0.00125,0,0,0,0.02,0.04,0,0.1,0.1,2.43E-05,0.000151767,NA,0.8,0.8,70.64918036,74.93305356,20
20,20,150,10,5,1.25,0.05,0.05,50,100,5,50,100,5,1,80,320,0,0,0,8000,32000,0,0,0,0.5,0.5,0,0,0,0.1,0.1,0,0,0,0,42,0,0,0,0,0.2,0,0,0,0,0.05,0,0,0,0.075,0.005,0,0,0,0.01875,0.00125,0,0,0,0.02,0.04,0,1,1,84.31008578,88.54393823,10,0,0,31.27321092,37.71428525,NA
20,20,150,10,7.5,1.875,0.05,0.05,50,100,5,50,100,5,1,80,320,0,0,0,8000,32000,0,0,0,0.5,0.5,0,0,0,0.1,0.1,0,0,0,0,42,0,0,0,0,0.2,0,0,0,0,0.05,0,0,0,0.075,0.005,0,0,0,0.01875,0.00125,0,0,0,0.02,0.04,0,1,1,85.32273815,89.07770764,10,0,0,30.41069886,36.8234743,NA
20,20,150,10,10,2.5,0.05,0.05,50,100,5,50,100,5,1,80,320,0,0,0,8000,32000,0,0,0,0.5,0.5,0,0,0,0.1,0.1,0,0,0,0,42,0,0,0,0,0.2,0,0,0,0,0.05,0,0,0,0.075,0.005,0,0,0,0.01875,0.00125,0,0,0,0.02,0.04,0,1,1,85.63705274,89.28747309,10,0,0,31.89752482,38.69136555,NA
20,20,150,10,1,0.25,0.05,0.05,50,100,5,50,100,5,1,4,396,0,0,0,400,39600,0,0,0,0.5,0.5,0,0,0,0.1,0.1,0,0,0,0,42,0,0,0,0,0.2,0,0,0,0,0.05,0,0,0,0.075,0.005,0,0,0,0.01875,0.00125,0,0,0,0.02,0.04,0,0.2,0.2,0.005128292,0.033401378,NA,0.6,0.7,70.12302525,74.93272728,24.28571429
20,20,150,10,2,0.5,0.05,0.05,50,100,5,50,100,5,1,4,396,0,0,0,400,39600,0,0,0,0.5,0.5,0,0,0,0.1,0.1,0,0,0,0,42,0,0,0,0,0.2,0,0,0,0,0.05,0,0,0,0.075,0.005,0,0,0,0.01875,0.00125,0,0,0,0.02,0.04,0,1,1,82.55887155,86.81647827,12,0,0,3.310214196,3.921650485,NA
20,20,150,10,3,0.75,0.05,0.05,50,100,5,50,100,5,1,4,396,0,0,0,400,39600,0,0,0,0.5,0.5,0,0,0,0.1,0.1,0,0,0,0,42,0,0,0,0,0.2,0,0,0,0,0.05,0,0,0,0.075,0.005,0,0,0,0.01875,0.00125,0,0,0,0.02,0.04,0,1,1,84.16248481,88.09138402,11,0,0,2.759092914,3.306997591,NA
20,20,150,10,5,1.25,0.05,0.05,50,100,5,50,100,5,1,4,396,0,0,0,400,39600,0,0,0,0.5,0.5,0,0,0,0.1,0.1,0,0,0,0,42,0,0,0,0,0.2,0,0,0,0,0.05,0,0,0,0.075,0.005,0,0,0,0.01875,0.00125,0,0,0,0.02,0.04,0,1,1,85.12961292,88.85855129,10,0,0,3.100636886,3.745212302,NA
20,20,150,10,7.5,1.875,0.05,0.05,50,100,5,50,100,5,1,4,396,0,0,0,400,39600,0,0,0,0.5,0.5,0,0,0,0.1,0.1,0,0,0,0,42,0,0,0,0,0.2,0,0,0,0,0.05,0,0,0,0.075,0.005,0,0,0,0.01875,0.00125,0,0,0,0.02,0.04,0,1,1,85.55904237,89.20137876,10,0,0,2.603616679,3.159542452,NA
20,20,150,10,10,2.5,0.05,0.05,50,100,5,50,100,5,1,4,396,0,0,0,400,39600,0,0,0,0.5,0.5,0,0,0,0.1,0.1,0,0,0,0,42,0,0,0,0,0.2,0,0,0,0,0.05,0,0,0,0.075,0.005,0,0,0,0.01875,0.00125,0,0,0,0.02,0.04,0,1,1,85.75861634,89.36072844,10,0,0,2.699536371,3.276702893,NA
20,20,150,10,1,0.25,0.05,0.05,50,100,5,50,100,5,1,396,396,0,0,0,39600,400,0,0,0,0.5,0.5,0,0,0,0.1,0.1,0,0,0,0,42,0,0,0,0,0.2,0,0,0,0,0.05,0,0,0,0.075,0.005,0,0,0,0.01875,0.00125,0,0,0,0.02,0.04,0,0.1,0.1,9.30E-09,6.20E-08,NA,0.8,0.9,70.64971584,74.93386173,20
20,20,150,10,2,0.5,0.05,0.05,50,100,5,50,100,5,1,396,396,0,0,0,39600,400,0,0,0,0.5,0.5,0,0,0,0.1,0.1,0,0,0,0,42,0,0,0,0,0.2,0,0,0,0,0.05,0,0,0,0.075,0.005,0,0,0,0.01875,0.00125,0,0,0,0.02,0.04,0,0.1,0.1,3.46E-07,2.22E-06,NA,0.8,0.9,70.6496265,74.93300807,20
20,20,150,10,3,0.75,0.05,0.05,50,100,5,50,100,5,1,396,396,0,0,0,39600,400,0,0,0,0.5,0.5,0,0,0,0.1,0.1,0,0,0,0,42,0,0,0,0,0.2,0,0,0,0,0.05,0,0,0,0.075,0.005,0,0,0,0.01875,0.00125,0,0,0,0.02,0.04,0,0.1,0.1,9.07E-06,5.67E-05,NA,0.8,0.8,70.64935254,74.93315868,20
20,20,150,10,5,1.25,0.05,0.05,50,100,5,50,100,5,1,396,396,0,0,0,39600,400,0,0,0,0.5,0.5,0,0,0,0.1,0.1,0,0,0,0,42,0,0,0,0,0.2,0,0,0,0,0.05,0,0,0,0.075,0.005,0,0,0,0.01875,0.00125,0,0,0,0.02,0.04,0,1,1,83.77997574,88.42740691,11,0,0,38.1403822,46.01513479,NA
20,20,150,10,7.5,1.875,0.05,0.05,50,100,5,50,100,5,1,396,396,0,0,0,39600,400,0,0,0,0.5,0.5,0,0,0,0.1,0.1,0,0,0,0,42,0,0,0,0,0.2,0,0,0,0,0.05,0,0,0,0.075,0.005,0,0,0,0.01875,0.00125,0,0,0,0.02,0.04,0,1,1,85.22832589,89.04070914,10,0,0,37.50997629,45.4067647,NA
20,20,150,10,10,2.5,0.05,0.05,50,100,5,50,100,5,1,396,396,0,0,0,39600,400,0,0,0,0.5,0.5,0,0,0,0.1,0.1,0,0,0,0,42,0,0,0,0,0.2,0,0,0,0,0.05,0,0,0,0.075,0.005,0,0,0,0.01875,0.00125,0,0,0,0.02,0.04,0,1,1,85.60636312,89.27072011,10,0,0,37.32661642,45.2729153,NA
20,20,150,10,1,0.25,0.05,0.05,50,100,5,50,100,5,1,396,396,0,0,0,32000,8000,0,0,0,0.5,0.5,0,0,0,0.1,0.1,0,0,0,0,42,0,0,0,0,0.2,0,0,0,0,0.05,0,0,0,0.075,0.005,0,0,0,0.01875,0.00125,0,0,0,0.02,0.04,0,0.1,0.1,9.49E-09,6.32E-08,NA,0.8,0.9,70.64969726,74.93302561,20
20,20,150,10,2,0.5,0.05,0.05,50,100,5,50,100,5,1,396,396,0,0,0,32000,8000,0,0,0,0.5,0.5,0,0,0,0.1,0.1,0,0,0,0,42,0,0,0,0,0.2,0,0,0,0,0.05,0,0,0,0.075,0.005,0,0,0,0.01875,0.00125,0,0,0,0.02,0.04,0,0.1,0.1,3.47E-07,2.23E-06,NA,0.8,0.9,70.64938267,74.93288073,20
20,20,150,10,3,0.75,0.05,0.05,50,100,5,50,100,5,1,396,396,0,0,0,32000,8000,0,0,0,0.5,0.5,0,0,0,0.1,0.1,0,0,0,0,42,0,0,0,0,0.2,0,0,0,0,0.05,0,0,0,0.075,0.005,0,0,0,0.01875,0.00125,0,0,0,0.02,0.04,0,0.1,0.1,9.08E-06,5.68E-05,NA,0.8,0.8,70.64936721,74.93306289,20
20,20,150,10,5,1.25,0.05,0.05,50,100,5,50,100,5,1,396,396,0,0,0,32000,8000,0,0,0,0.5,0.5,0,0,0,0.1,0.1,0,0,0,0,42,0,0,0,0,0.2,0,0,0,0,0.05,0,0,0,0.075,0.005,0,0,0,0.01875,0.00125,0,0,0,0.02,0.04,0,1,1,83.78309567,88.43331936,11,0,0,38.13849475,46.01341115,NA
20,20,150,10,7.5,1.875,0.05,0.05,50,100,5,50,100,5,1,396,396,0,0,0,32000,8000,0,0,0,0.5,0.5,0,0,0,0.1,0.1,0,0,0,0,42,0,0,0,0,0.2,0,0,0,0,0.05,0,0,0,0.075,0.005,0,0,0,0.01875,0.00125,0,0,0,0.02,0.04,0,1,1,85.22907086,89.04368794,10,0,0,37.50983697,45.40544676,NA
20,20,150,10,10,2.5,0.05,0.05,50,100,5,50,100,5,1,396,396,0,0,0,32000,8000,0,0,0,0.5,0.5,0,0,0,0.1,0.1,0,0,0,0,42,0,0,0,0,0.2,0,0,0,0,0.05,0,0,0,0.075,0.005,0,0,0,0.01875,0.00125,0,0,0,0.02,0.04,0,1,1,85.60800318,89.27200145,10,0,0,37.32561276,45.27230058,NA
20,20,150,10,1,0.25,0.05,0.05,50,100,5,50,100,5,1,396,396,0,0,0,20000,20000,0,0,0,0.5,0.5,0,0,0,0.1,0.1,0,0,0,0,42,0,0,0,0,0.2,0,0,0,0,0.05,0,0,0,0.075,0.005,0,0,0,0.01875,0.00125,0,0,0,0.02,0.04,0,0.1,0.1,9.56E-09,6.37E-08,NA,0.8,0.9,70.64922346,74.93277431,20
20,20,150,10,2,0.5,0.05,0.05,50,100,5,50,100,5,1,396,396,0,0,0,20000,20000,0,0,0,0.5,0.5,0,0,0,0.1,0.1,0,0,0,0,42,0,0,0,0,0.2,0,0,0,0,0.05,0,0,0,0.075,0.005,0,0,0,0.01875,0.00125,0,0,0,0.02,0.04,0,0.1,0.1,3.48E-07,2.23E-06,NA,0.8,0.9,70.64951982,74.93320783,20
20,20,150,10,3,0.75,0.05,0.05,50,100,5,50,100,5,1,396,396,0,0,0,20000,20000,0,0,0,0.5,0.5,0,0,0,0.1,0.1,0,0,0,0,42,0,0,0,0,0.2,0,0,0,0,0.05,0,0,0,0.075,0.005,0,0,0,0.01875,0.00125,0,0,0,0.02,0.04,0,0.1,0.1,9.08E-06,5.68E-05,NA,0.8,0.8,70.64956063,74.93397383,20
20,20,150,10,5,1.25,0.05,0.05,50,100,5,50,100,5,1,396,396,0,0,0,20000,20000,0,0,0,0.5,0.5,0,0,0,0.1,0.1,0,0,0,0,42,0,0,0,0,0.2,0,0,0,0,0.05,0,0,0,0.075,0.005,0,0,0,0.01875,0.00125,0,0,0,0.02,0.04,0,1,1,83.78153819,88.4341849,11,0,0,38.13940812,46.01466225,NA
20,20,150,10,7.5,1.875,0.05,0.05,50,100,5,50,100,5,1,396,396,0,0,0,20000,20000,0,0,0,0.5,0.5,0,0,0,0.1,0.1,0,0,0,0,42,0,0,0,0,0.2,0,0,0,0,0.05,0,0,0,0.075,0.005,0,0,0,0.01875,0.00125,0,0,0,0.02,0.04,0,1,1,85.23124269,89.0455033,10,0,0,37.50845964,45.40453344,NA
20,20,150,10,10,2.5,0.05,0.05,50,100,5,50,100,5,1,396,396,0,0,0,20000,20000,0,0,0,0.5,0.5,0,0,0,0.1,0.1,0,0,0,0,42,0,0,0,0,0.2,0,0,0,0,0.05,0,0,0,0.075,0.005,0,0,0,0.01875,0.00125,0,0,0,0.02,0.04,0,1,1,85.60724645,89.27088708,10,0,0,37.32625904,45.27229215,NA
20,20,150,10,1,0.25,0.05,0.05,50,100,5,50,100,5,1,396,396,0,0,0,8000,32000,0,0,0,0.5,0.5,0,0,0,0.1,0.1,0,0,0,0,42,0,0,0,0,0.2,0,0,0,0,0.05,0,0,0,0.075,0.005,0,0,0,0.01875,0.00125,0,0,0,0.02,0.04,0,0,0,6.04E-12,4.03E-11,NA,0.9,1,70.6499033,74.93384979,20
20,20,150,10,2,0.5,0.05,0.05,50,100,5,50,100,5,1,396,396,0,0,0,8000,32000,0,0,0,0.5,0.5,0,0,0,0.1,0.1,0,0,0,0,42,0,0,0,0,0.2,0,0,0,0,0.05,0,0,0,0.075,0.005,0,0,0,0.01875,0.00125,0,0,0,0.02,0.04,0,0,0,7.26E-10,4.66E-09,NA,0.9,0.9,70.64902893,74.93204637,20
20,20,150,10,3,0.75,0.05,0.05,50,100,5,50,100,5,1,396,396,0,0,0,8000,32000,0,0,0,0.5,0.5,0,0,0,0.1,0.1,0,0,0,0,42,0,0,0,0,0.2,0,0,0,0,0.05,0,0,0,0.075,0.005,0,0,0,0.01875,0.00125,0,0,0,0.02,0.04,0,0.1,0.1,9.04E-06,5.66E-05,NA,0.8,0.8,70.64949329,74.93235137,20
20,20,150,10,5,1.25,0.05,0.05,50,100,5,50,100,5,1,396,396,0,0,0,8000,32000,0,0,0,0.5,0.5,0,0,0,0.1,0.1,0,0,0,0,42,0,0,0,0,0.2,0,0,0,0,0.05,0,0,0,0.075,0.005,0,0,0,0.01875,0.00125,0,0,0,0.02,0.04,0,1,1,83.82054227,88.43893119,10.14285714,0,0,37.74627503,45.53647705,NA
20,20,150,10,7.5,1.875,0.05,0.05,50,100,5,50,100,5,1,396,396,0,0,0,8000,32000,0,0,0,0.5,0.5,0,0,0,0.1,0.1,0,0,0,0,42,0,0,0,0,0.2,0,0,0,0,0.05,0,0,0,0.075,0.005,0,0,0,0.01875,0.00125,0,0,0,0.02,0.04,0,1,1,85.23601554,89.03878453,10,0,0,37.13265485,44.94932909,NA
20,20,150,10,10,2.5,0.05,0.05,50,100,5,50,100,5,1,396,396,0,0,0,8000,32000,0,0,0,0.5,0.5,0,0,0,0.1,0.1,0,0,0,0,42,0,0,0,0,0.2,0,0,0,0,0.05,0,0,0,0.075,0.005,0,0,0,0.01875,0.00125,0,0,0,0.02,0.04,0,1,1,85.60968895,89.27596273,10,0,0,36.9526301,44.81832625,NA
20,20,150,10,1,0.25,0.05,0.05,50,100,5,50,100,5,1,396,396,0,0,0,400,39600,0,0,0,0.5,0.5,0,0,0,0.1,0.1,0,0,0,0,42,0,0,0,0,0.2,0,0,0,0,0.05,0,0,0,0.075,0.005,0,0,0,0.01875,0.00125,0,0,0,0.02,0.04,0,0,0,2.68E-11,1.79E-10,NA,0.9,0.9,70.64927715,74.93319632,20
20,20,150,10,2,0.5,0.05,0.05,50,100,5,50,100,5,1,396,396,0,0,0,400,39600,0,0,0,0.5,0.5,0,0,0,0.1,0.1,0,0,0,0,42,0,0,0,0,0.2,0,0,0,0,0.05,0,0,0,0.075,0.005,0,0,0,0.01875,0.00125,0,0,0,0.02,0.04,0,0,0,1.95E-09,1.25E-08,NA,0.9,0.9,70.65004491,74.93283598,20
20,20,150,10,3,0.75,0.05,0.05,50,100,5,50,100,5,1,396,396,0,0,0,400,39600,0,0,0,0.5,0.5,0,0,0,0.1,0.1,0,0,0,0,42,0,0,0,0,0.2,0,0,0,0,0.05,0,0,0,0.075,0.005,0,0,0,0.01875,0.00125,0,0,0,0.02,0.04,0,0,0.1,1.61E-07,1.01E-06,NA,0.8,0.9,70.64972429,74.933061,20
20,20,150,10,5,1.25,0.05,0.05,50,100,5,50,100,5,1,396,396,0,0,0,400,39600,0,0,0,0.5,0.5,0,0,0,0.1,0.1,0,0,0,0,42,0,0,0,0,0.2,0,0,0,0,0.05,0,0,0,0.075,0.005,0,0,0,0.01875,0.00125,0,0,0,0.02,0.04,0,1,1,83.82235415,88.43250246,10.14285714,0,0,37.74061197,45.53113527,NA
20,20,150,10,7.5,1.875,0.05,0.05,50,100,5,50,100,5,1,396,396,0,0,0,400,39600,0,0,0,0.5,0.5,0,0,0,0.1,0.1,0,0,0,0,42,0,0,0,0,0.2,0,0,0,0,0.05,0,0,0,0.075,0.005,0,0,0,0.01875,0.00125,0,0,0,0.02,0.04,0,1,1,85.23538924,89.04559403,10,0,0,37.12888747,44.94638918,NA
20,20,150,10,10,2.5,0.05,0.05,50,100,5,50,100,5,1,396,396,0,0,0,400,39600,0,0,0,0.5,0.5,0,0,0,0.1,0.1,0,0,0,0,42,0,0,0,0,0.2,0,0,0,0,0.05,0,0,0,0.075,0.005,0,0,0,0.01875,0.00125,0,0,0,0.02,0.04,0,1,1,85.60939641,89.27187643,10,0,0,36.95577959,44.82196264,NA
20,20,150,10,1,0.25,0.05,0.05,50,100,5,50,100,5,1,200,200,0,0,0,39600,400,0,0,0,0.5,0.5,0,0,0,0.1,0.1,0,0,0,0,42,0,0,0,0,0.2,0,0,0,0,0.05,0,0,0,0.075,0.005,0,0,0,0.01875,0.00125,0,0,0,0.02,0.04,0,0.1,0.1,9.30E-09,6.20E-08,NA,0.8,0.9,70.64930714,74.93323108,20
20,20,150,10,2,0.5,0.05,0.05,50,100,5,50,100,5,1,200,200,0,0,0,39600,400,0,0,0,0.5,0.5,0,0,0,0.1,0.1,0,0,0,0,42,0,0,0,0,0.2,0,0,0,0,0.05,0,0,0,0.075,0.005,0,0,0,0.01875,0.00125,0,0,0,0.02,0.04,0,0.1,0.1,3.46E-07,2.22E-06,NA,0.8,0.9,70.64988949,74.93344824,20
20,20,150,10,3,0.75,0.05,0.05,50,100,5,50,100,5,1,200,200,0,0,0,39600,400,0,0,0,0.5,0.5,0,0,0,0.1,0.1,0,0,0,0,42,0,0,0,0,0.2,0,0,0,0,0.05,0,0,0,0.075,0.005,0,0,0,0.01875,0.00125,0,0,0,0.02,0.04,0,0.1,0.1,9.07E-06,5.68E-05,NA,0.8,0.8,70.64951509,74.9330083,20
20,20,150,10,5,1.25,0.05,0.05,50,100,5,50,100,5,1,200,200,0,0,0,39600,400,0,0,0,0.5,0.5,0,0,0,0.1,0.1,0,0,0,0,42,0,0,0,0,0.2,0,0,0,0,0.05,0,0,0,0.075,0.005,0,0,0,0.01875,0.00125,0,0,0,0.02,0.04,0,1,1,83.7835013,88.43249241,11,0,0,38.13823344,46.01211216,NA
20,20,150,10,7.5,1.875,0.05,0.05,50,100,5,50,100,5,1,200,200,0,0,0,39600,400,0,0,0,0.5,0.5,0,0,0,0.1,0.1,0,0,0,0,42,0,0,0,0,0.2,0,0,0,0,0.05,0,0,0,0.075,0.005,0,0,0,0.01875,0.00125,0,0,0,0.02,0.04,0,1,1,85.22963164,89.04366675,10,0,0,37.50930494,45.40568319,NA
20,20,150,10,10,2.5,0.05,0.05,50,100,5,50,100,5,1,200,200,0,0,0,39600,400,0,0,0,0.5,0.5,0,0,0,0.1,0.1,0,0,0,0,42,0,0,0,0,0.2,0,0,0,0,0.05,0,0,0,0.075,0.005,0,0,0,0.01875,0.00125,0,0,0,0.02,0.04,0,1,1,85.60638562,89.27439948,10,0,0,37.32663963,45.27301026,NA
20,20,150,10,1,0.25,0.05,0.05,50,100,5,50,100,5,1,200,200,0,0,0,32000,8000,0,0,0,0.5,0.5,0,0,0,0.1,0.1,0,0,0,0,42,0,0,0,0,0.2,0,0,0,0,0.05,0,0,0,0.075,0.005,0,0,0,0.01875,0.00125,0,0,0,0.02,0.04,0,0.1,0.1,9.51E-09,6.34E-08,NA,0.8,0.9,70.64898557,74.93250794,20
20,20,150,10,2,0.5,0.05,0.05,50,100,5,50,100,5,1,200,200,0,0,0,32000,8000,0,0,0,0.5,0.5,0,0,0,0.1,0.1,0,0,0,0,42,0,0,0,0,0.2,0,0,0,0,0.05,0,0,0,0.075,0.005,0,0,0,0.01875,0.00125,0,0,0,0.02,0.04,0,0.1,0.1,3.47E-07,2.23E-06,NA,0.8,0.9,70.64986327,74.93310568,20
20,20,150,10,3,0.75,0.05,0.05,50,100,5,50,100,5,1,200,200,0,0,0,32000,8000,0,0,0,0.5,0.5,0,0,0,0.1,0.1,0,0,0,0,42,0,0,0,0,0.2,0,0,0,0,0.05,0,0,0,0.075,0.005,0,0,0,0.01875,0.00125,0,0,0,0.02,0.04,0,0.1,0.1,9.08E-06,5.68E-05,NA,0.8,0.8,70.64938356,74.9324675,20
20,20,150,10,5,1.25,0.05,0.05,50,100,5,50,100,5,1,200,200,0,0,0,32000,8000,0,0,0,0.5,0.5,0,0,0,0.1,0.1,0,0,0,0,42,0,0,0,0,0.2,0,0,0,0,0.05,0,0,0,0.075,0.005,0,0,0,0.01875,0.00125,0,0,0,0.02,0.04,0,1,1,83.78344399,88.43182849,11,0,0,38.13856649,46.01306184,NA
20,20,150,10,7.5,1.875,0.05,0.05,50,100,5,50,100,5,1,200,200,0,0,0,32000,8000,0,0,0,0.5,0.5,0,0,0,0.1,0.1,0,0,0,0,42,0,0,0,0,0.2,0,0,0,0,0.05,0,0,0,0.075,0.005,0,0,0,0.01875,0.00125,0,0,0,0.02,0.04,0,1,1,85.229636,89.03419102,10,0,0,37.50972525,45.40538085,NA
20,20,150,10,10,2.5,0.05,0.05,50,100,5,50,100,5,1,200,200,0,0,0,32000,8000,0,0,0,0.5,0.5,0,0,0,0.1,0.1,0,0,0,0,42,0,0,0,0,0.2,0,0,0,0,0.05,0,0,0,0.075,0.005,0,0,0,0.01875,0.00125,0,0,0,0.02,0.04,0,1,1,85.60723088,89.26675725,10,0,0,37.32631049,45.27210894,NA
20,20,150,10,1,0.25,0.05,0.05,50,100,5,50,100,5,1,200,200,0,0,0,20000,20000,0,0,0,0.5,0.5,0,0,0,0.1,0.1,0,0,0,0,42,0,0,0,0,0.2,0,0,0,0,0.05,0,0,0,0.075,0.005,0,0,0,0.01875,0.00125,0,0,0,0.02,0.04,0,0.1,0.1,8.89E-09,5.93E-08,NA,0.8,0.9,70.64953545,74.93332048,20
20,20,150,10,2,0.5,0.05,0.05,50,100,5,50,100,5,1,200,200,0,0,0,20000,20000,0,0,0,0.5,0.5,0,0,0,0.1,0.1,0,0,0,0,42,0,0,0,0,0.2,0,0,0,0,0.05,0,0,0,0.075,0.005,0,0,0,0.01875,0.00125,0,0,0,0.02,0.04,0,0.1,0.1,3.52E-07,2.26E-06,NA,0.8,0.9,70.64962372,74.93385825,20
20,20,150,10,3,0.75,0.05,0.05,50,100,5,50,100,5,1,200,200,0,0,0,20000,20000,0,0,0,0.5,0.5,0,0,0,0.1,0.1,0,0,0,0,42,0,0,0,0,0.2,0,0,0,0,0.05,0,0,0,0.075,0.005,0,0,0,0.01875,0.00125,0,0,0,0.02,0.04,0,0.1,0.1,9.32E-06,5.83E-05,NA,0.8,0.8,70.64901133,74.933234,20
20,20,150,10,5,1.25,0.05,0.05,50,100,5,50,100,5,1,200,200,0,0,0,20000,20000,0,0,0,0.5,0.5,0,0,0,0.1,0.1,0,0,0,0,42,0,0,0,0,0.2,0,0,0,0,0.05,0,0,0,0.075,0.005,0,0,0,0.01875,0.00125,0,0,0,0.02,0.04,0,1,1,83.78249387,88.43774381,11,0,0,38.13874729,46.01344808,NA
20,20,150,10,7.5,1.875,0.05,0.05,50,100,5,50,100,5,1,200,200,0,0,0,20000,20000,0,0,0,0.5,0.5,0,0,0,0.1,0.1,0,0,0,0,42,0,0,0,0,0.2,0,0,0,0,0.05,0,0,0,0.075,0.005,0,0,0,0.01875,0.00125,0,0,0,0.02,0.04,0,1,1,85.22935088,89.04323683,10,0,0,37.41601227,45.29300491,NA
20,20,150,10,10,2.5,0.05,0.05,50,100,5,50,100,5,1,200,200,0,0,0,20000,20000,0,0,0,0.5,0.5,0,0,0,0.1,0.1,0,0,0,0,42,0,0,0,0,0.2,0,0,0,0,0.05,0,0,0,0.075,0.005,0,0,0,0.01875,0.00125,0,0,0,0.02,0.04,0,1,1,85.60966808,89.27033139,10,0,0,36.75681107,44.58618865,NA
20,20,150,10,1,0.25,0.05,0.05,50,100,5,50,100,5,1,200,200,0,0,0,8000,32000,0,0,0,0.5,0.5,0,0,0,0.1,0.1,0,0,0,0,42,0,0,0,0,0.2,0,0,0,0,0.05,0,0,0,0.075,0.005,0,0,0,0.01875,0.00125,0,0,0,0.02,0.04,0,0,0,3.36E-11,2.24E-10,NA,0.9,0.9,70.64912285,74.93231795,20
20,20,150,10,2,0.5,0.05,0.05,50,100,5,50,100,5,1,200,200,0,0,0,8000,32000,0,0,0,0.5,0.5,0,0,0,0.1,0.1,0,0,0,0,42,0,0,0,0,0.2,0,0,0,0,0.05,0,0,0,0.075,0.005,0,0,0,0.01875,0.00125,0,0,0,0.02,0.04,0,0.1,0.1,4.81E-07,3.09E-06,NA,0.8,0.9,70.64951599,74.93259606,20
20,20,150,10,3,0.75,0.05,0.05,50,100,5,50,100,5,1,200,200,0,0,0,8000,32000,0,0,0,0.5,0.5,0,0,0,0.1,0.1,0,0,0,0,42,0,0,0,0,0.2,0,0,0,0,0.05,0,0,0,0.075,0.005,0,0,0,0.01875,0.00125,0,0,0,0.02,0.04,0,0.1,0.1,2.22E-05,0.000138709,NA,0.8,0.8,70.6495631,74.93412737,20
20,20,150,10,5,1.25,0.05,0.05,50,100,5,50,100,5,1,200,200,0,0,0,8000,32000,0,0,0,0.5,0.5,0,0,0,0.1,0.1,0,0,0,0,42,0,0,0,0,0.2,0,0,0,0,0.05,0,0,0,0.075,0.005,0,0,0,0.01875,0.00125,0,0,0,0.02,0.04,0,1,1,84.28605782,88.53709078,10,0,0,31.6796493,38.20233627,NA
20,20,150,10,7.5,1.875,0.05,0.05,50,100,5,50,100,5,1,200,200,0,0,0,8000,32000,0,0,0,0.5,0.5,0,0,0,0.1,0.1,0,0,0,0,42,0,0,0,0,0.2,0,0,0,0,0.05,0,0,0,0.075,0.005,0,0,0,0.01875,0.00125,0,0,0,0.02,0.04,0,1,1,85.29866207,89.06907957,10,0,0,32.589302,39.45587211,NA
20,20,150,10,10,2.5,0.05,0.05,50,100,5,50,100,5,1,200,200,0,0,0,8000,32000,0,0,0,0.5,0.5,0,0,0,0.1,0.1,0,0,0,0,42,0,0,0,0,0.2,0,0,0,0,0.05,0,0,0,0.075,0.005,0,0,0,0.01875,0.00125,0,0,0,0.02,0.04,0,1,1,85.64872358,89.28987946,10,0,0,29.75385749,36.09028255,NA
20,20,150,10,1,0.25,0.05,0.05,50,100,5,50,100,5,1,200,200,0,0,0,400,39600,0,0,0,0.5,0.5,0,0,0,0.1,0.1,0,0,0,0,42,0,0,0,0,0.2,0,0,0,0,0.05,0,0,0,0.075,0.005,0,0,0,0.01875,0.00125,0,0,0,0.02,0.04,0,0,0,2.13E-11,1.42E-10,NA,0.9,0.9,70.64922705,74.93284686,20
20,20,150,10,2,0.5,0.05,0.05,50,100,5,50,100,5,1,200,200,0,0,0,400,39600,0,0,0,0.5,0.5,0,0,0,0.1,0.1,0,0,0,0,42,0,0,0,0,0.2,0,0,0,0,0.05,0,0,0,0.075,0.005,0,0,0,0.01875,0.00125,0,0,0,0.02,0.04,0,0,0.1,1.07E-08,6.90E-08,NA,0.9,0.9,70.64921307,74.93246463,20
20,20,150,10,3,0.75,0.05,0.05,50,100,5,50,100,5,1,200,200,0,0,0,400,39600,0,0,0,0.5,0.5,0,0,0,0.1,0.1,0,0,0,0,42,0,0,0,0,0.2,0,0,0,0,0.05,0,0,0,0.075,0.005,0,0,0,0.01875,0.00125,0,0,0,0.02,0.04,0,1,1,82.16412825,87.36435515,11,0,0,20.14181276,24.10582033,NA
20,20,150,10,5,1.25,0.05,0.05,50,100,5,50,100,5,1,200,200,0,0,0,400,39600,0,0,0,0.5,0.5,0,0,0,0.1,0.1,0,0,0,0,42,0,0,0,0,0.2,0,0,0,0,0.05,0,0,0,0.075,0.005,0,0,0,0.01875,0.00125,0,0,0,0.02,0.04,0,1,1,84.80668757,88.68823334,10,0,0,18.87094055,22.75873404,NA
20,20,150,10,7.5,1.875,0.05,0.05,50,100,5,50,100,5,1,200,200,0,0,0,400,39600,0,0,0,0.5,0.5,0,0,0,0.1,0.1,0,0,0,0,42,0,0,0,0,0.2,0,0,0,0,0.05,0,0,0,0.075,0.005,0,0,0,0.01875,0.00125,0,0,0,0.02,0.04,0,1,1,85.44091874,89.12585666,10,0,0,18.99738584,23.00219984,NA
20,20,150,10,10,2.5,0.05,0.05,50,100,5,50,100,5,1,200,200,0,0,0,400,39600,0,0,0,0.5,0.5,0,0,0,0.1,0.1,0,0,0,0,42,0,0,0,0,0.2,0,0,0,0,0.05,0,0,0,0.075,0.005,0,0,0,0.01875,0.00125,0,0,0,0.02,0.04,0,1,1,85.69853853,89.31707409,10,0,0,18.62942102,22.60477461,NA
