simulation,height1,width1,height2,width2,shape,area,HtoW,numbFPspecies,days,years,TOTALN,TOTALP,N_to_P,initial_perc_SAV_cover,initial_perc_SAV_cells_occupied,SAV_biomass_per_cell,initial_perc_FP_cover,initial_perc_FP_cells_occupied,FP_biomass_per_cell,initialSAVcells,initial01cells,initial02cells,initial03cells,initial04cells,initialSAVtotmass,initial01totmass,initial02totmass,initial03totmass,initial04totmass,neigh_thresh_SAV,focal_thresh_SAV,amnt_colonize_SAV,neigh_thresh_FP,focal_thresh_FP,amnt_colonize_FP,maxSAVrgr,maxrgr01,maxrgr02,maxrgr03,maxrgr04,lightlimitationSAV,lightlimitation01,lightlimitation02,lightlimitation03,lightlimitation04,halfsatNSAV,halfsatN01,halfsatN02,halfsatN03,halfsatN04,shadingbyFP,lightattenuation,lossSAV,lossFP,uptakeNSAV,uptakeN01,uptakeN02,uptakeN03,uptakeN04,uptakePSAV,uptakeP01,uptakeP02,uptakeP03,uptakeP04,overwinterSAV,overwinter01,overwinter02,overwinter03,overwinter04,wind_shape1,wind_shape2,wind_avg,wind_stdev,prob_up,prob_down,prob_left,prob_right,wind_direction,full_thresh_wind,propyears_avgFPcover_abovethreshold,propyears_prop_daysFP_abovehalf,avg_avg_FPcover,avg_max_FPcover,avg_firstdayFP,propyears_avgSAVcover_abovethreshold,propyears_prop_daysSAV_abovehalf,avg_avg_SAVcover,avg_max_SAVcover,avg_firstdaySAV,avg_SAVcover_yr01,avg_SAVcover_yr02,avg_SAVcover_yr03,avg_FPcover_yr01,avg_FPcover_yr02,avg_FPcover_yr03
1,20,20,10,10,rectangle,400,1,1,125,4,4,1,4,1,1,100,1,1,100,4,4,0,0,0,400,400,0,0,0,100,0,1,100,0,1,0.5,0.5,0,0,0,0.01,0.01,0,0,0,0,0.2,0,0,0,0.04,0,0.05,0.05,0.075,0.005,0,0,0,0.01875,0.00125,0,0,0,0.1,0.1,0,0,0,0.04,4,0.01,0.044,0.25,0.25,0.25,0.25,all,600,0,0,2.77E-09,1.62E-08,NA,0.75,1,99.91801837,100,1,59.57879317,99.79723864,99.91795432,4.024769897,0.009856061,5.23E-06
2,20,20,10,10,rectangle,400,1,1,125,4,4,1,4,1,1,100,1,1,100,4,4,0,0,0,400,400,0,0,0,100,0,1,100,0,1,0.5,0.5,0,0,0,0.01,0.01,0,0,0,0,0.2,0,0,0,0.04,0,0.05,0.05,0.075,0.005,0,0,0,0.01875,0.00125,0,0,0,0.1,0.1,0,0,0,0.04,4,0.01,0.044,0.25,0.25,0.25,0.25,all,600,0,0,5.81E-09,3.39E-08,NA,0.75,0.75,99.91801758,100,1,44.94404411,97.12294201,99.91700551,6.497097034,0.019990689,1.10E-05
3,20,20,10,10,rectangle,400,1,1,125,4,4,1,4,1,1,100,1,1,100,4,4,0,0,0,400,400,0,0,0,100,0,1,100,0,1,0.5,0.5,0,0,0,0.01,0.01,0,0,0,0,0.2,0,0,0,0.04,0,0.05,0.05,0.075,0.005,0,0,0,0.01875,0.00125,0,0,0,0.1,0.1,0,0,0,0.04,4,0.01,0.044,0.25,0.25,0.25,0.25,all,600,0,0,5.20E-09,3.03E-08,NA,0.75,0.75,99.91801834,100,1,54.71691299,99.75773539,99.91792894,7.513423203,0.01849136,9.80E-06
4,20,20,10,10,rectangle,400,1,1,125,4,4,1,4,1,1,100,1,1,100,4,4,0,0,0,400,400,0,0,0,100,0,1,100,0,1,0.5,0.5,0,0,0,0.01,0.01,0,0,0,0,0.2,0,0,0,0.04,0,0.05,0.05,0.075,0.005,0,0,0,0.01875,0.00125,0,0,0,0.1,0.1,0,0,0,0.04,4,0.01,0.044,0.25,0.25,0.25,0.25,all,600,0,0,5.37E-09,3.14E-08,NA,0.75,0.75,99.91801698,100,1,41.84732176,95.76976223,99.91629382,4.926547412,0.018457341,1.01E-05
5,20,20,10,10,rectangle,400,1,1,125,4,4,1,4,1,1,100,1,1,100,4,4,0,0,0,400,400,0,0,0,100,0,1,100,0,1,0.5,0.5,0,0,0,0.01,0.01,0,0,0,0,0.2,0,0,0,0.04,0,0.05,0.05,0.075,0.005,0,0,0,0.01875,0.00125,0,0,0,0.1,0.1,0,0,0,0.04,4,0.01,0.044,0.25,0.25,0.25,0.25,all,600,0,0,5.31E-09,3.10E-08,NA,0.75,0.75,99.91801753,100,1,43.81006309,97.47614488,99.91695417,5.769123485,0.018345471,1.00E-05
16,20,20,10,10,rectangle,400,1,1,125,4,4,1,4,2,2,100,1,1,100,8,4,0,0,0,800,400,0,0,0,100,0,1,100,0,1,0.5,0.5,0,0,0,0.01,0.01,0,0,0,0,0.2,0,0,0,0.04,0,0.05,0.05,0.075,0.005,0,0,0,0.01875,0.00125,0,0,0,0.1,0.1,0,0,0,0.04,4,0.01,0.044,0.25,0.25,0.25,0.25,all,600,0,0,2.15E-09,1.26E-08,NA,0.75,0.75,99.91801837,100,1,61.29212096,99.82358156,99.91796213,4.703198916,0.00766446,4.06E-06
17,20,20,10,10,rectangle,400,1,1,125,4,4,1,4,2,2,100,1,1,100,8,4,0,0,0,800,400,0,0,0,100,0,1,100,0,1,0.5,0.5,0,0,0,0.01,0.01,0,0,0,0,0.2,0,0,0,0.04,0,0.05,0.05,0.075,0.005,0,0,0,0.01875,0.00125,0,0,0,0.1,0.1,0,0,0,0.04,4,0.01,0.044,0.25,0.25,0.25,0.25,all,600,0,0,1.99E-09,1.16E-08,NA,0.75,1,99.91801837,100,1,62.61979457,99.78315525,99.91795371,4.194809717,0.007066445,3.75E-06
18,20,20,10,10,rectangle,400,1,1,125,4,4,1,4,2,2,100,1,1,100,8,4,0,0,0,800,400,0,0,0,100,0,1,100,0,1,0.5,0.5,0,0,0,0.01,0.01,0,0,0,0,0.2,0,0,0,0.04,0,0.05,0.05,0.075,0.005,0,0,0,0.01875,0.00125,0,0,0,0.1,0.1,0,0,0,0.04,4,0.01,0.044,0.25,0.25,0.25,0.25,all,600,0,0,1.95E-09,1.14E-08,NA,0.75,1,99.91801831,100,1,60.80462998,99.53411037,99.91788359,4.154008343,0.006923127,3.67E-06
19,20,20,10,10,rectangle,400,1,1,125,4,4,1,4,2,2,100,1,1,100,8,4,0,0,0,800,400,0,0,0,100,0,1,100,0,1,0.5,0.5,0,0,0,0.01,0.01,0,0,0,0,0.2,0,0,0,0.04,0,0.05,0.05,0.075,0.005,0,0,0,0.01875,0.00125,0,0,0,0.1,0.1,0,0,0,0.04,4,0.01,0.044,0.25,0.25,0.25,0.25,all,600,0,0,1.77E-09,1.03E-08,NA,0.75,1,99.91801838,100,1,64.32909421,99.840241,99.91797213,3.761726602,0.00628611,3.33E-06
20,20,20,10,10,rectangle,400,1,1,125,4,4,1,4,2,2,100,1,1,100,8,4,0,0,0,800,400,0,0,0,100,0,1,100,0,1,0.5,0.5,0,0,0,0.01,0.01,0,0,0,0,0.2,0,0,0,0.04,0,0.05,0.05,0.075,0.005,0,0,0,0.01875,0.00125,0,0,0,0.1,0.1,0,0,0,0.04,4,0.01,0.044,0.25,0.25,0.25,0.25,all,600,0,0,2.29E-09,1.34E-08,NA,0.75,0.75,99.91801837,100,1,60.44357476,99.81172049,99.91795655,4.57883746,0.008142696,4.32E-06
31,20,20,10,10,rectangle,400,1,1,125,4,4,1,4,1,1,100,2,2,100,4,8,0,0,0,400,800,0,0,0,100,0,1,100,0,1,0.5,0.5,0,0,0,0.01,0.01,0,0,0,0,0.2,0,0,0,0.04,0,0.05,0.05,0.075,0.005,0,0,0,0.01875,0.00125,0,0,0,0.1,0.1,0,0,0,0.04,4,0.01,0.044,0.25,0.25,0.25,0.25,all,600,0,0,8.88E-08,5.19E-07,NA,0.75,0.75,99.91801293,100,1,25.98999595,90.87858485,99.91102667,27.12388125,0.292421032,0.000167581
32,20,20,10,10,rectangle,400,1,1,125,4,4,1,4,1,1,100,2,2,100,4,8,0,0,0,400,800,0,0,0,100,0,1,100,0,1,0.5,0.5,0,0,0,0.01,0.01,0,0,0,0,0.2,0,0,0,0.04,0,0.05,0.05,0.075,0.005,0,0,0,0.01875,0.00125,0,0,0,0.1,0.1,0,0,0,0.04,4,0.01,0.044,0.25,0.25,0.25,0.25,all,600,0,0,1.28E-08,7.49E-08,NA,0.75,0.75,99.91801764,100,1,43.95521156,97.60847781,99.9170904,12.95265926,0.04429698,2.42E-05
33,20,20,10,10,rectangle,400,1,1,125,4,4,1,4,1,1,100,2,2,100,4,8,0,0,0,400,800,0,0,0,100,0,1,100,0,1,0.5,0.5,0,0,0,0.01,0.01,0,0,0,0,0.2,0,0,0,0.04,0,0.05,0.05,0.075,0.005,0,0,0,0.01875,0.00125,0,0,0,0.1,0.1,0,0,0,0.04,4,0.01,0.044,0.25,0.25,0.25,0.25,all,600,0,0,6.68E-09,3.90E-08,NA,0.75,0.75,99.91801807,100,1,46.81680333,98.78069831,99.91760205,9.263898591,0.023686188,1.26E-05
34,20,20,10,10,rectangle,400,1,1,125,4,4,1,4,1,1,100,2,2,100,4,8,0,0,0,400,800,0,0,0,100,0,1,100,0,1,0.5,0.5,0,0,0,0.01,0.01,0,0,0,0,0.2,0,0,0,0.04,0,0.05,0.05,0.075,0.005,0,0,0,0.01875,0.00125,0,0,0,0.1,0.1,0,0,0,0.04,4,0.01,0.044,0.25,0.25,0.25,0.25,all,600,0,0,1.14E-08,6.66E-08,NA,0.75,0.75,99.91801805,100,1,43.8538479,98.72532091,99.917585,12.45480563,0.039836528,2.15E-05
35,20,20,10,10,rectangle,400,1,1,125,4,4,1,4,1,1,100,2,2,100,4,8,0,0,0,400,800,0,0,0,100,0,1,100,0,1,0.5,0.5,0,0,0,0.01,0.01,0,0,0,0,0.2,0,0,0,0.04,0,0.05,0.05,0.075,0.005,0,0,0,0.01875,0.00125,0,0,0,0.1,0.1,0,0,0,0.04,4,0.01,0.044,0.25,0.25,0.25,0.25,all,600,0,0,1.42E-08,8.30E-08,NA,0.75,0.75,99.91801726,100,1,43.84437064,97.33217354,99.91664044,11.82658834,0.049161167,2.68E-05
46,20,20,10,10,rectangle,400,1,1,125,4,4,1,4,5,5,100,10,10,100,20,40,0,0,0,2000,4000,0,0,0,100,0,1,100,0,1,0.5,0.5,0,0,0,0.01,0.01,0,0,0,0,0.2,0,0,0,0.04,0,0.05,0.05,0.075,0.005,0,0,0,0.01875,0.00125,0,0,0,0.1,0.1,0,0,0,0.04,4,0.01,0.044,0.25,0.25,0.25,0.25,all,600,0,0,9.22E-09,5.38E-08,NA,0.75,0.75,99.91801836,100,1,62.25077665,99.82877586,99.91794767,22.44016719,0.03280442,1.74E-05
47,20,20,10,10,rectangle,400,1,1,125,4,4,1,4,5,5,100,10,10,100,20,40,0,0,0,2000,4000,0,0,0,100,0,1,100,0,1,0.5,0.5,0,0,0,0.01,0.01,0,0,0,0,0.2,0,0,0,0.04,0,0.05,0.05,0.075,0.005,0,0,0,0.01875,0.00125,0,0,0,0.1,0.1,0,0,0,0.04,4,0.01,0.044,0.25,0.25,0.25,0.25,all,600,0,0,7.97E-09,4.65E-08,NA,0.75,0.75,99.91801832,100,1,59.52094155,99.65434446,99.91789875,21.73193867,0.028356369,1.50E-05
48,20,20,10,10,rectangle,400,1,1,125,4,4,1,4,5,5,100,10,10,100,20,40,0,0,0,2000,4000,0,0,0,100,0,1,100,0,1,0.5,0.5,0,0,0,0.01,0.01,0,0,0,0,0.2,0,0,0,0.04,0,0.05,0.05,0.075,0.005,0,0,0,0.01875,0.00125,0,0,0,0.1,0.1,0,0,0,0.04,4,0.01,0.044,0.25,0.25,0.25,0.25,all,600,0,0,1.18E-08,6.90E-08,NA,0.75,0.75,99.91801833,100,1,58.94651785,99.78389487,99.91792336,25.35605289,0.042031693,2.23E-05
49,20,20,10,10,rectangle,400,1,1,125,4,4,1,4,5,5,100,10,10,100,20,40,0,0,0,2000,4000,0,0,0,100,0,1,100,0,1,0.5,0.5,0,0,0,0.01,0.01,0,0,0,0,0.2,0,0,0,0.04,0,0.05,0.05,0.075,0.005,0,0,0,0.01875,0.00125,0,0,0,0.1,0.1,0,0,0,0.04,4,0.01,0.044,0.25,0.25,0.25,0.25,all,600,0,0,1.05E-08,6.13E-08,NA,0.75,0.75,99.91801835,100,1,60.69965186,99.81781243,99.91793919,25.61535349,0.037353557,1.98E-05
50,20,20,10,10,rectangle,400,1,1,125,4,4,1,4,5,5,100,10,10,100,20,40,0,0,0,2000,4000,0,0,0,100,0,1,100,0,1,0.5,0.5,0,0,0,0.01,0.01,0,0,0,0,0.2,0,0,0,0.04,0,0.05,0.05,0.075,0.005,0,0,0,0.01875,0.00125,0,0,0,0.1,0.1,0,0,0,0.04,4,0.01,0.044,0.25,0.25,0.25,0.25,all,600,0,0,7.34E-09,4.28E-08,NA,0.75,1,99.91801833,100,1,63.73822538,99.66549193,99.91790865,19.60924271,0.02610807,1.38E-05
61,20,20,10,10,rectangle,400,1,1,125,4,4,1,4,10,10,100,5,5,100,40,20,0,0,0,4000,2000,0,0,0,100,0,1,100,0,1,0.5,0.5,0,0,0,0.01,0.01,0,0,0,0,0.2,0,0,0,0.04,0,0.05,0.05,0.075,0.005,0,0,0,0.01875,0.00125,0,0,0,0.1,0.1,0,0,0,0.04,4,0.01,0.044,0.25,0.25,0.25,0.25,all,600,0,0,1.69E-09,9.85E-09,NA,1,1,99.91801841,100,1,81.06438721,99.90397299,99.9180042,6.168341942,0.006003516,3.18E-06
62,20,20,10,10,rectangle,400,1,1,125,4,4,1,4,10,10,100,5,5,100,40,20,0,0,0,4000,2000,0,0,0,100,0,1,100,0,1,0.5,0.5,0,0,0,0.01,0.01,0,0,0,0,0.2,0,0,0,0.04,0,0.05,0.05,0.075,0.005,0,0,0,0.01875,0.00125,0,0,0,0.1,0.1,0,0,0,0.04,4,0.01,0.044,0.25,0.25,0.25,0.25,all,600,0,0,1.46E-09,8.54E-09,NA,1,1,99.91801841,100,1,83.99607557,99.90713427,99.91800711,5.153657124,0.005206251,2.76E-06
63,20,20,10,10,rectangle,400,1,1,125,4,4,1,4,10,10,100,5,5,100,40,20,0,0,0,4000,2000,0,0,0,100,0,1,100,0,1,0.5,0.5,0,0,0,0.01,0.01,0,0,0,0,0.2,0,0,0,0.04,0,0.05,0.05,0.075,0.005,0,0,0,0.01875,0.00125,0,0,0,0.1,0.1,0,0,0,0.04,4,0.01,0.044,0.25,0.25,0.25,0.25,all,600,0,0,1.71E-09,1.00E-08,NA,1,1,99.91801841,100,1,82.62865549,99.90465049,99.9180048,6.310358761,0.006104228,3.24E-06
64,20,20,10,10,rectangle,400,1,1,125,4,4,1,4,10,10,100,5,5,100,40,20,0,0,0,4000,2000,0,0,0,100,0,1,100,0,1,0.5,0.5,0,0,0,0.01,0.01,0,0,0,0,0.2,0,0,0,0.04,0,0.05,0.05,0.075,0.005,0,0,0,0.01875,0.00125,0,0,0,0.1,0.1,0,0,0,0.04,4,0.01,0.044,0.25,0.25,0.25,0.25,all,600,0,0,1.80E-09,1.05E-08,NA,1,1,99.91801841,100,1,82.20318168,99.90456136,99.91800454,6.691362862,0.006402177,3.39E-06
65,20,20,10,10,rectangle,400,1,1,125,4,4,1,4,10,10,100,5,5,100,40,20,0,0,0,4000,2000,0,0,0,100,0,1,100,0,1,0.5,0.5,0,0,0,0.01,0.01,0,0,0,0,0.2,0,0,0,0.04,0,0.05,0.05,0.075,0.005,0,0,0,0.01875,0.00125,0,0,0,0.1,0.1,0,0,0,0.04,4,0.01,0.044,0.25,0.25,0.25,0.25,all,600,0,0,1.42E-09,8.28E-09,NA,1,1,99.91801841,100,1,80.65783781,99.90303828,99.91800395,5.407269007,0.00505094,2.68E-06
76,20,20,10,10,rectangle,400,1,1,125,4,4,1,4,5,5,100,5,5,100,20,20,0,0,0,2000,2000,0,0,0,100,0,1,100,0,1,0.5,0.5,0,0,0,0.01,0.01,0,0,0,0,0.2,0,0,0,0.04,0,0.05,0.05,0.075,0.005,0,0,0,0.01875,0.00125,0,0,0,0.1,0.1,0,0,0,0.04,4,0.01,0.044,0.25,0.25,0.25,0.25,all,600,0,0,3.78E-09,2.21E-08,NA,1,1,99.91801839,100,1,71.7562068,99.88264438,99.91798644,11.52134204,0.013471369,7.14E-06
77,20,20,10,10,rectangle,400,1,1,125,4,4,1,4,5,5,100,5,5,100,20,20,0,0,0,2000,2000,0,0,0,100,0,1,100,0,1,0.5,0.5,0,0,0,0.01,0.01,0,0,0,0,0.2,0,0,0,0.04,0,0.05,0.05,0.075,0.005,0,0,0,0.01875,0.00125,0,0,0,0.1,0.1,0,0,0,0.04,4,0.01,0.044,0.25,0.25,0.25,0.25,all,600,0,0,4.08E-09,2.38E-08,NA,0.75,1,99.91801838,100,1,68.59675331,99.85029666,99.91797154,12.33542181,0.014523661,7.70E-06
78,20,20,10,10,rectangle,400,1,1,125,4,4,1,4,5,5,100,5,5,100,20,20,0,0,0,2000,2000,0,0,0,100,0,1,100,0,1,0.5,0.5,0,0,0,0.01,0.01,0,0,0,0,0.2,0,0,0,0.04,0,0.05,0.05,0.075,0.005,0,0,0,0.01875,0.00125,0,0,0,0.1,0.1,0,0,0,0.04,4,0.01,0.044,0.25,0.25,0.25,0.25,all,600,0,0,3.37E-09,1.97E-08,NA,1,1,99.9180184,100,1,73.28068977,99.88741429,99.91799027,9.640797065,0.011983314,6.35E-06
79,20,20,10,10,rectangle,400,1,1,125,4,4,1,4,5,5,100,5,5,100,20,20,0,0,0,2000,2000,0,0,0,100,0,1,100,0,1,0.5,0.5,0,0,0,0.01,0.01,0,0,0,0,0.2,0,0,0,0.04,0,0.05,0.05,0.075,0.005,0,0,0,0.01875,0.00125,0,0,0,0.1,0.1,0,0,0,0.04,4,0.01,0.044,0.25,0.25,0.25,0.25,all,600,0,0,2.55E-09,1.49E-08,NA,1,1,99.9180184,100,1,74.82481071,99.87934828,99.91799003,8.148126565,0.009061132,4.80E-06
80,20,20,10,10,rectangle,400,1,1,125,4,4,1,4,5,5,100,5,5,100,20,20,0,0,0,2000,2000,0,0,0,100,0,1,100,0,1,0.5,0.5,0,0,0,0.01,0.01,0,0,0,0,0.2,0,0,0,0.04,0,0.05,0.05,0.075,0.005,0,0,0,0.01875,0.00125,0,0,0,0.1,0.1,0,0,0,0.04,4,0.01,0.044,0.25,0.25,0.25,0.25,all,600,0,0,3.66E-09,2.14E-08,NA,1,1,99.91801839,100,1,70.11880405,99.8756694,99.917983,10.9637237,0.013037645,6.91E-06
91,20,20,10,10,rectangle,400,1,1,125,4,4,1,4,10,10,100,10,10,100,40,40,0,0,0,4000,4000,0,0,0,100,0,1,100,0,1,0.5,0.5,0,0,0,0.01,0.01,0,0,0,0,0.2,0,0,0,0.04,0,0.05,0.05,0.075,0.005,0,0,0,0.01875,0.00125,0,0,0,0.1,0.1,0,0,0,0.04,4,0.01,0.044,0.25,0.25,0.25,0.25,all,600,0,0,3.50E-09,2.04E-08,NA,1,1,99.9180184,100,1,75.47467342,99.88922596,99.9179911,11.86207069,0.012468001,6.61E-06
92,20,20,10,10,rectangle,400,1,1,125,4,4,1,4,10,10,100,10,10,100,40,40,0,0,0,4000,4000,0,0,0,100,0,1,100,0,1,0.5,0.5,0,0,0,0.01,0.01,0,0,0,0,0.2,0,0,0,0.04,0,0.05,0.05,0.075,0.005,0,0,0,0.01875,0.00125,0,0,0,0.1,0.1,0,0,0,0.04,4,0.01,0.044,0.25,0.25,0.25,0.25,all,600,0,0,4.23E-09,2.47E-08,NA,1,1,99.9180184,100,1,76.00579628,99.88980452,99.91798949,14.3138895,0.015052182,7.98E-06
93,20,20,10,10,rectangle,400,1,1,125,4,4,1,4,10,10,100,10,10,100,40,40,0,0,0,4000,4000,0,0,0,100,0,1,100,0,1,0.5,0.5,0,0,0,0.01,0.01,0,0,0,0,0.2,0,0,0,0.04,0,0.05,0.05,0.075,0.005,0,0,0,0.01875,0.00125,0,0,0,0.1,0.1,0,0,0,0.04,4,0.01,0.044,0.25,0.25,0.25,0.25,all,600,0,0,5.79E-09,3.38E-08,NA,1,1,99.91801839,100,1,73.09470822,99.87852347,99.91797983,18.52403014,0.020593354,1.09E-05
94,20,20,10,10,rectangle,400,1,1,125,4,4,1,4,10,10,100,10,10,100,40,40,0,0,0,4000,4000,0,0,0,100,0,1,100,0,1,0.5,0.5,0,0,0,0.01,0.01,0,0,0,0,0.2,0,0,0,0.04,0,0.05,0.05,0.075,0.005,0,0,0,0.01875,0.00125,0,0,0,0.1,0.1,0,0,0,0.04,4,0.01,0.044,0.25,0.25,0.25,0.25,all,600,0,0,4.33E-09,2.53E-08,NA,1,1,99.9180184,100,1,76.99172925,99.89064193,99.91799035,14.17424083,0.015409997,8.17E-06
95,20,20,10,10,rectangle,400,1,1,125,4,4,1,4,10,10,100,10,10,100,40,40,0,0,0,4000,4000,0,0,0,100,0,1,100,0,1,0.5,0.5,0,0,0,0.01,0.01,0,0,0,0,0.2,0,0,0,0.04,0,0.05,0.05,0.075,0.005,0,0,0,0.01875,0.00125,0,0,0,0.1,0.1,0,0,0,0.04,4,0.01,0.044,0.25,0.25,0.25,0.25,all,600,0,0,3.36E-09,1.96E-08,NA,1,1,99.9180184,100,1,78.226391,99.89562524,99.91799538,11.26298801,0.011947759,6.33E-06
106,20,20,10,10,rectangle,400,1,1,125,4,4,1,4,15,15,100,20,20,100,60,80,0,0,0,6000,8000,0,0,0,100,0,1,100,0,1,0.5,0.5,0,0,0,0.01,0.01,0,0,0,0,0.2,0,0,0,0.04,0,0.05,0.05,0.075,0.005,0,0,0,0.01875,0.00125,0,0,0,0.1,0.1,0,0,0,0.04,4,0.01,0.044,0.25,0.25,0.25,0.25,all,600,0,0,5.18E-09,3.02E-08,NA,1,1,99.91801839,100,1,76.85033929,99.88568584,99.91798563,17.06958045,0.018422811,9.77E-06
107,20,20,10,10,rectangle,400,1,1,125,4,4,1,4,15,15,100,20,20,100,60,80,0,0,0,6000,8000,0,0,0,100,0,1,100,0,1,0.5,0.5,0,0,0,0.01,0.01,0,0,0,0,0.2,0,0,0,0.04,0,0.05,0.05,0.075,0.005,0,0,0,0.01875,0.00125,0,0,0,0.1,0.1,0,0,0,0.04,4,0.01,0.044,0.25,0.25,0.25,0.25,all,600,0,0,4.20E-09,2.45E-08,NA,1,1,99.9180184,100,1,78.9899042,99.89185229,99.91799158,14.26641212,0.014947747,7.92E-06
108,20,20,10,10,rectangle,400,1,1,125,4,4,1,4,15,15,100,20,20,100,60,80,0,0,0,6000,8000,0,0,0,100,0,1,100,0,1,0.5,0.5,0,0,0,0.01,0.01,0,0,0,0,0.2,0,0,0,0.04,0,0.05,0.05,0.075,0.005,0,0,0,0.01875,0.00125,0,0,0,0.1,0.1,0,0,0,0.04,4,0.01,0.044,0.25,0.25,0.25,0.25,all,600,0,0,4.52E-09,2.64E-08,NA,1,1,99.91801839,100,1,77.8420268,99.88837808,99.91798907,15.30018888,0.016084776,8.53E-06
109,20,20,10,10,rectangle,400,1,1,125,4,4,1,4,15,15,100,20,20,100,60,80,0,0,0,6000,8000,0,0,0,100,0,1,100,0,1,0.5,0.5,0,0,0,0.01,0.01,0,0,0,0,0.2,0,0,0,0.04,0,0.05,0.05,0.075,0.005,0,0,0,0.01875,0.00125,0,0,0,0.1,0.1,0,0,0,0.04,4,0.01,0.044,0.25,0.25,0.25,0.25,all,600,0,0,4.53E-09,2.64E-08,NA,1,1,99.91801839,100,1,77.36396125,99.88766822,99.91798862,15.64352006,0.016114638,8.54E-06
110,20,20,10,10,rectangle,400,1,1,125,4,4,1,4,15,15,100,20,20,100,60,80,0,0,0,6000,8000,0,0,0,100,0,1,100,0,1,0.5,0.5,0,0,0,0.01,0.01,0,0,0,0,0.2,0,0,0,0.04,0,0.05,0.05,0.075,0.005,0,0,0,0.01875,0.00125,0,0,0,0.1,0.1,0,0,0,0.04,4,0.01,0.044,0.25,0.25,0.25,0.25,all,600,0,0,4.32E-09,2.52E-08,NA,1,1,99.9180184,100,1,77.91942168,99.88971979,99.9179897,15.28516253,0.015370155,8.15E-06
121,20,20,10,10,rectangle,400,1,1,125,4,4,1,4,20,20,100,15,15,100,80,60,0,0,0,8000,6000,0,0,0,100,0,1,100,0,1,0.5,0.5,0,0,0,0.01,0.01,0,0,0,0,0.2,0,0,0,0.04,0,0.05,0.05,0.075,0.005,0,0,0,0.01875,0.00125,0,0,0,0.1,0.1,0,0,0,0.04,4,0.01,0.044,0.25,0.25,0.25,0.25,all,600,0,0,2.37E-09,1.38E-08,NA,1,1,99.91801841,100,1,84.2049376,99.90371977,99.91800264,9.771114664,0.008440272,4.47E-06
122,20,20,10,10,rectangle,400,1,1,125,4,4,1,4,20,20,100,15,15,100,80,60,0,0,0,8000,6000,0,0,0,100,0,1,100,0,1,0.5,0.5,0,0,0,0.01,0.01,0,0,0,0,0.2,0,0,0,0.04,0,0.05,0.05,0.075,0.005,0,0,0,0.01875,0.00125,0,0,0,0.1,0.1,0,0,0,0.04,4,0.01,0.044,0.25,0.25,0.25,0.25,all,600,0,0,2.72E-09,1.59E-08,NA,1,1,99.91801841,100,1,83.25011216,99.90205239,99.91800081,11.32708529,0.009681258,5.13E-06
123,20,20,10,10,rectangle,400,1,1,125,4,4,1,4,20,20,100,15,15,100,80,60,0,0,0,8000,6000,0,0,0,100,0,1,100,0,1,0.5,0.5,0,0,0,0.01,0.01,0,0,0,0,0.2,0,0,0,0.04,0,0.05,0.05,0.075,0.005,0,0,0,0.01875,0.00125,0,0,0,0.1,0.1,0,0,0,0.04,4,0.01,0.044,0.25,0.25,0.25,0.25,all,600,0,0,2.25E-09,1.31E-08,NA,1,1,99.91801841,100,1,84.7840471,99.90382575,99.91800305,8.973632577,0.007997037,4.24E-06
124,20,20,10,10,rectangle,400,1,1,125,4,4,1,4,20,20,100,15,15,100,80,60,0,0,0,8000,6000,0,0,0,100,0,1,100,0,1,0.5,0.5,0,0,0,0.01,0.01,0,0,0,0,0.2,0,0,0,0.04,0,0.05,0.05,0.075,0.005,0,0,0,0.01875,0.00125,0,0,0,0.1,0.1,0,0,0,0.04,4,0.01,0.044,0.25,0.25,0.25,0.25,all,600,0,0,2.29E-09,1.34E-08,NA,1,1,99.91801841,100,1,83.85730129,99.90350853,99.91800271,8.940547217,0.008141043,4.32E-06
125,20,20,10,10,rectangle,400,1,1,125,4,4,1,4,20,20,100,15,15,100,80,60,0,0,0,8000,6000,0,0,0,100,0,1,100,0,1,0.5,0.5,0,0,0,0.01,0.01,0,0,0,0,0.2,0,0,0,0.04,0,0.05,0.05,0.075,0.005,0,0,0,0.01875,0.00125,0,0,0,0.1,0.1,0,0,0,0.04,4,0.01,0.044,0.25,0.25,0.25,0.25,all,600,0,0,2.50E-09,1.46E-08,NA,1,1,99.91801841,100,1,83.90123474,99.90239653,99.91800174,9.415347388,0.008891244,4.71E-06
136,20,20,10,10,rectangle,400,1,1,125,4,4,1,4,30,30,100,25,25,100,120,100,0,0,0,12000,10000,0,0,0,100,0,1,100,0,1,0.5,0.5,0,0,0,0.01,0.01,0,0,0,0,0.2,0,0,0,0.04,0,0.05,0.05,0.075,0.005,0,0,0,0.01875,0.00125,0,0,0,0.1,0.1,0,0,0,0.04,4,0.01,0.044,0.25,0.25,0.25,0.25,all,600,0,0,3.96E-09,2.31E-08,NA,1,1,99.9180184,100,1,81.67504551,99.89696611,99.91799444,16.73202763,0.014105986,7.48E-06
137,20,20,10,10,rectangle,400,1,1,125,4,4,1,4,30,30,100,25,25,100,120,100,0,0,0,12000,10000,0,0,0,100,0,1,100,0,1,0.5,0.5,0,0,0,0.01,0.01,0,0,0,0,0.2,0,0,0,0.04,0,0.05,0.05,0.075,0.005,0,0,0,0.01875,0.00125,0,0,0,0.1,0.1,0,0,0,0.04,4,0.01,0.044,0.25,0.25,0.25,0.25,all,600,0,0,2.57E-09,1.50E-08,NA,1,1,99.91801841,100,1,85.31128376,99.90283957,99.91800152,10.95157106,0.009153646,4.85E-06
138,20,20,10,10,rectangle,400,1,1,125,4,4,1,4,30,30,100,25,25,100,120,100,0,0,0,12000,10000,0,0,0,100,0,1,100,0,1,0.5,0.5,0,0,0,0.01,0.01,0,0,0,0,0.2,0,0,0,0.04,0,0.05,0.05,0.075,0.005,0,0,0,0.01875,0.00125,0,0,0,0.1,0.1,0,0,0,0.04,4,0.01,0.044,0.25,0.25,0.25,0.25,all,600,0,0,2.61E-09,1.52E-08,NA,1,1,99.91801841,100,1,85.24637215,99.90337613,99.91800196,11.22584247,0.009281094,4.92E-06
139,20,20,10,10,rectangle,400,1,1,125,4,4,1,4,30,30,100,25,25,100,120,100,0,0,0,12000,10000,0,0,0,100,0,1,100,0,1,0.5,0.5,0,0,0,0.01,0.01,0,0,0,0,0.2,0,0,0,0.04,0,0.05,0.05,0.075,0.005,0,0,0,0.01875,0.00125,0,0,0,0.1,0.1,0,0,0,0.04,4,0.01,0.044,0.25,0.25,0.25,0.25,all,600,0,0,3.02E-09,1.76E-08,NA,1,1,99.91801841,100,1,85.13347938,99.90249656,99.91800062,13.91334116,0.010742047,5.69E-06
140,20,20,10,10,rectangle,400,1,1,125,4,4,1,4,30,30,100,25,25,100,120,100,0,0,0,12000,10000,0,0,0,100,0,1,100,0,1,0.5,0.5,0,0,0,0.01,0.01,0,0,0,0,0.2,0,0,0,0.04,0,0.05,0.05,0.075,0.005,0,0,0,0.01875,0.00125,0,0,0,0.1,0.1,0,0,0,0.04,4,0.01,0.044,0.25,0.25,0.25,0.25,all,600,0,0,2.65E-09,1.55E-08,NA,1,1,99.91801841,100,1,85.14571599,99.90308054,99.91800163,11.75535936,0.009440881,5.00E-06
151,20,20,10,10,rectangle,400,1,1,125,4,4,1,4,25,25,100,30,30,100,100,120,0,0,0,10000,12000,0,0,0,100,0,1,100,0,1,0.5,0.5,0,0,0,0.01,0.01,0,0,0,0,0.2,0,0,0,0.04,0,0.05,0.05,0.075,0.005,0,0,0,0.01875,0.00125,0,0,0,0.1,0.1,0,0,0,0.04,4,0.01,0.044,0.25,0.25,0.25,0.25,all,600,0,0,5.90E-09,3.44E-08,NA,1,1,99.91801839,100,1,77.62551101,99.88795222,99.91798427,23.40648366,0.020993608,1.11E-05
152,20,20,10,10,rectangle,400,1,1,125,4,4,1,4,25,25,100,30,30,100,100,120,0,0,0,10000,12000,0,0,0,100,0,1,100,0,1,0.5,0.5,0,0,0,0.01,0.01,0,0,0,0,0.2,0,0,0,0.04,0,0.05,0.05,0.075,0.005,0,0,0,0.01875,0.00125,0,0,0,0.1,0.1,0,0,0,0.04,4,0.01,0.044,0.25,0.25,0.25,0.25,all,600,0,0,5.39E-09,3.15E-08,NA,1,1,99.91801839,100,1,80.06192896,99.89116918,99.91798764,20.75928172,0.019194095,1.02E-05
153,20,20,10,10,rectangle,400,1,1,125,4,4,1,4,25,25,100,30,30,100,100,120,0,0,0,10000,12000,0,0,0,100,0,1,100,0,1,0.5,0.5,0,0,0,0.01,0.01,0,0,0,0,0.2,0,0,0,0.04,0,0.05,0.05,0.075,0.005,0,0,0,0.01875,0.00125,0,0,0,0.1,0.1,0,0,0,0.04,4,0.01,0.044,0.25,0.25,0.25,0.25,all,600,0,0,4.04E-09,2.36E-08,NA,1,1,99.9180184,100,1,81.15099028,99.89631031,99.91799373,16.63043242,0.014365794,7.61E-06
154,20,20,10,10,rectangle,400,1,1,125,4,4,1,4,25,25,100,30,30,100,100,120,0,0,0,10000,12000,0,0,0,100,0,1,100,0,1,0.5,0.5,0,0,0,0.01,0.01,0,0,0,0,0.2,0,0,0,0.04,0,0.05,0.05,0.075,0.005,0,0,0,0.01875,0.00125,0,0,0,0.1,0.1,0,0,0,0.04,4,0.01,0.044,0.25,0.25,0.25,0.25,all,600,0,0,3.91E-09,2.28E-08,NA,1,1,99.9180184,100,1,81.20727494,99.89497248,99.91799321,15.20143927,0.013917073,7.38E-06
155,20,20,10,10,rectangle,400,1,1,125,4,4,1,4,25,25,100,30,30,100,100,120,0,0,0,10000,12000,0,0,0,100,0,1,100,0,1,0.5,0.5,0,0,0,0.01,0.01,0,0,0,0,0.2,0,0,0,0.04,0,0.05,0.05,0.075,0.005,0,0,0,0.01875,0.00125,0,0,0,0.1,0.1,0,0,0,0.04,4,0.01,0.044,0.25,0.25,0.25,0.25,all,600,0,0,4.75E-09,2.77E-08,NA,1,1,99.9180184,100,1,81.47019884,99.8933593,99.91799075,17.85350038,0.016898137,8.96E-06
166,20,20,10,10,rectangle,400,1,1,125,4,4,1,4,30,30,100,30,30,100,120,120,0,0,0,12000,12000,0,0,0,100,0,1,100,0,1,0.5,0.5,0,0,0,0.01,0.01,0,0,0,0,0.2,0,0,0,0.04,0,0.05,0.05,0.075,0.005,0,0,0,0.01875,0.00125,0,0,0,0.1,0.1,0,0,0,0.04,4,0.01,0.044,0.25,0.25,0.25,0.25,all,600,0,0,3.62E-09,2.11E-08,NA,1,1,99.9180184,100,1,82.76752522,99.89840466,99.91799614,15.62863198,0.012875763,6.82E-06
167,20,20,10,10,rectangle,400,1,1,125,4,4,1,4,30,30,100,30,30,100,120,120,0,0,0,12000,12000,0,0,0,100,0,1,100,0,1,0.5,0.5,0,0,0,0.01,0.01,0,0,0,0,0.2,0,0,0,0.04,0,0.05,0.05,0.075,0.005,0,0,0,0.01875,0.00125,0,0,0,0.1,0.1,0,0,0,0.04,4,0.01,0.044,0.25,0.25,0.25,0.25,all,600,0,0,4.35E-09,2.54E-08,NA,1,1,99.9180184,100,1,81.75156597,99.89610762,99.91799327,19.10942434,0.015470745,8.20E-06
168,20,20,10,10,rectangle,400,1,1,125,4,4,1,4,30,30,100,30,30,100,120,120,0,0,0,12000,12000,0,0,0,100,0,1,100,0,1,0.5,0.5,0,0,0,0.01,0.01,0,0,0,0,0.2,0,0,0,0.04,0,0.05,0.05,0.075,0.005,0,0,0,0.01875,0.00125,0,0,0,0.1,0.1,0,0,0,0.04,4,0.01,0.044,0.25,0.25,0.25,0.25,all,600,0,0,3.04E-09,1.78E-08,NA,1,1,99.9180184,100,1,84.0459227,99.90129695,99.91799951,12.87749639,0.010827327,5.74E-06
169,20,20,10,10,rectangle,400,1,1,125,4,4,1,4,30,30,100,30,30,100,120,120,0,0,0,12000,12000,0,0,0,100,0,1,100,0,1,0.5,0.5,0,0,0,0.01,0.01,0,0,0,0,0.2,0,0,0,0.04,0,0.05,0.05,0.075,0.005,0,0,0,0.01875,0.00125,0,0,0,0.1,0.1,0,0,0,0.04,4,0.01,0.044,0.25,0.25,0.25,0.25,all,600,0,0,4.50E-09,2.62E-08,NA,1,1,99.9180184,100,1,81.38299659,99.89318567,99.91799107,18.10442299,0.016002867,8.48E-06
170,20,20,10,10,rectangle,400,1,1,125,4,4,1,4,30,30,100,30,30,100,120,120,0,0,0,12000,12000,0,0,0,100,0,1,100,0,1,0.5,0.5,0,0,0,0.01,0.01,0,0,0,0,0.2,0,0,0,0.04,0,0.05,0.05,0.075,0.005,0,0,0,0.01875,0.00125,0,0,0,0.1,0.1,0,0,0,0.04,4,0.01,0.044,0.25,0.25,0.25,0.25,all,600,0,0,3.45E-09,2.02E-08,NA,1,1,99.9180184,100,1,83.55413437,99.89925455,99.91799708,14.07949964,0.012293437,6.52E-06
181,20,20,10,10,rectangle,400,1,1,125,4,4,1,4,40,40,100,40,40,100,160,160,0,0,0,16000,16000,0,0,0,100,0,1,100,0,1,0.5,0.5,0,0,0,0.01,0.01,0,0,0,0,0.2,0,0,0,0.04,0,0.05,0.05,0.075,0.005,0,0,0,0.01875,0.00125,0,0,0,0.1,0.1,0,0,0,0.04,4,0.01,0.044,0.25,0.25,0.25,0.25,all,600,0,0,3.94E-09,2.30E-08,NA,1,1,99.9180184,100,1,84.54296185,99.89790801,99.91799519,16.90146795,0.01403829,7.44E-06
182,20,20,10,10,rectangle,400,1,1,125,4,4,1,4,40,40,100,40,40,100,160,160,0,0,0,16000,16000,0,0,0,100,0,1,100,0,1,0.5,0.5,0,0,0,0.01,0.01,0,0,0,0,0.2,0,0,0,0.04,0,0.05,0.05,0.075,0.005,0,0,0,0.01875,0.00125,0,0,0,0.1,0.1,0,0,0,0.04,4,0.01,0.044,0.25,0.25,0.25,0.25,all,600,0,0,3.94E-09,2.30E-08,NA,1,1,99.9180184,100,1,84.45802378,99.897771,99.91799505,16.82928606,0.014039995,7.44E-06
183,20,20,10,10,rectangle,400,1,1,125,4,4,1,4,40,40,100,40,40,100,160,160,0,0,0,16000,16000,0,0,0,100,0,1,100,0,1,0.5,0.5,0,0,0,0.01,0.01,0,0,0,0,0.2,0,0,0,0.04,0,0.05,0.05,0.075,0.005,0,0,0,0.01875,0.00125,0,0,0,0.1,0.1,0,0,0,0.04,4,0.01,0.044,0.25,0.25,0.25,0.25,all,600,0,0,4.13E-09,2.41E-08,NA,1,1,99.9180184,100,1,84.04239998,99.8981607,99.91799517,17.95482221,0.014713196,7.80E-06
184,20,20,10,10,rectangle,400,1,1,125,4,4,1,4,40,40,100,40,40,100,160,160,0,0,0,16000,16000,0,0,0,100,0,1,100,0,1,0.5,0.5,0,0,0,0.01,0.01,0,0,0,0,0.2,0,0,0,0.04,0,0.05,0.05,0.075,0.005,0,0,0,0.01875,0.00125,0,0,0,0.1,0.1,0,0,0,0.04,4,0.01,0.044,0.25,0.25,0.25,0.25,all,600,0,0,3.91E-09,2.28E-08,NA,1,1,99.9180184,100,1,84.07387732,99.8982332,99.91799556,17.42002214,0.013908005,7.37E-06
185,20,20,10,10,rectangle,400,1,1,125,4,4,1,4,40,40,100,40,40,100,160,160,0,0,0,16000,16000,0,0,0,100,0,1,100,0,1,0.5,0.5,0,0,0,0.01,0.01,0,0,0,0,0.2,0,0,0,0.04,0,0.05,0.05,0.075,0.005,0,0,0,0.01875,0.00125,0,0,0,0.1,0.1,0,0,0,0.04,4,0.01,0.044,0.25,0.25,0.25,0.25,all,600,0,0,3.96E-09,2.31E-08,NA,1,1,99.9180184,100,1,84.57234839,99.89822376,99.91799545,17.00334285,0.014095011,7.47E-06
196,20,20,10,10,rectangle,400,1,1,125,4,4,1,4,50,50,100,50,50,100,200,200,0,0,0,20000,20000,0,0,0,100,0,1,100,0,1,0.5,0.5,0,0,0,0.01,0.01,0,0,0,0,0.2,0,0,0,0.04,0,0.05,0.05,0.075,0.005,0,0,0,0.01875,0.00125,0,0,0,0.1,0.1,0,0,0,0.04,4,0.01,0.044,0.25,0.25,0.25,0.25,all,600,0,0,6.17E-09,3.60E-08,NA,1,1,99.91801839,100,1,83.84897129,99.89068624,99.91798583,26.26217089,0.021968843,1.16E-05
197,20,20,10,10,rectangle,400,1,1,125,4,4,1,4,50,50,100,50,50,100,200,200,0,0,0,20000,20000,0,0,0,100,0,1,100,0,1,0.5,0.5,0,0,0,0.01,0.01,0,0,0,0,0.2,0,0,0,0.04,0,0.05,0.05,0.075,0.005,0,0,0,0.01875,0.00125,0,0,0,0.1,0.1,0,0,0,0.04,4,0.01,0.044,0.25,0.25,0.25,0.25,all,600,0,0,7.83E-09,4.57E-08,NA,1,1,99.91801838,100,1,82.01628039,99.88364792,99.91797777,30.97801398,0.027878958,1.48E-05
198,20,20,10,10,rectangle,400,1,1,125,4,4,1,4,50,50,100,50,50,100,200,200,0,0,0,20000,20000,0,0,0,100,0,1,100,0,1,0.5,0.5,0,0,0,0.01,0.01,0,0,0,0,0.2,0,0,0,0.04,0,0.05,0.05,0.075,0.005,0,0,0,0.01875,0.00125,0,0,0,0.1,0.1,0,0,0,0.04,4,0.01,0.044,0.25,0.25,0.25,0.25,all,600,0,0,4.21E-09,2.46E-08,NA,1,1,99.9180184,100,1,85.81484092,99.89797947,99.91799488,19.0554675,0.014989134,7.95E-06
199,20,20,10,10,rectangle,400,1,1,125,4,4,1,4,50,50,100,50,50,100,200,200,0,0,0,20000,20000,0,0,0,100,0,1,100,0,1,0.5,0.5,0,0,0,0.01,0.01,0,0,0,0,0.2,0,0,0,0.04,0,0.05,0.05,0.075,0.005,0,0,0,0.01875,0.00125,0,0,0,0.1,0.1,0,0,0,0.04,4,0.01,0.044,0.25,0.25,0.25,0.25,all,600,0,0,4.94E-09,2.89E-08,NA,1,1,99.9180184,100,1,84.88480203,99.89482119,99.917991,21.2581541,0.017592874,9.33E-06
200,20,20,10,10,rectangle,400,1,1,125,4,4,1,4,50,50,100,50,50,100,200,200,0,0,0,20000,20000,0,0,0,100,0,1,100,0,1,0.5,0.5,0,0,0,0.01,0.01,0,0,0,0,0.2,0,0,0,0.04,0,0.05,0.05,0.075,0.005,0,0,0,0.01875,0.00125,0,0,0,0.1,0.1,0,0,0,0.04,4,0.01,0.044,0.25,0.25,0.25,0.25,all,600,0,0,5.22E-09,3.05E-08,NA,1,1,99.9180184,100,1,85.03037815,99.89458241,99.91799039,22.38313246,0.018581263,9.85E-06
211,20,20,10,10,rectangle,400,1,1,125,4,4,1,4,60,60,100,60,60,100,240,240,0,0,0,24000,24000,0,0,0,100,0,1,100,0,1,0.5,0.5,0,0,0,0.01,0.01,0,0,0,0,0.2,0,0,0,0.04,0,0.05,0.05,0.075,0.005,0,0,0,0.01875,0.00125,0,0,0,0.1,0.1,0,0,0,0.04,4,0.01,0.044,0.25,0.25,0.25,0.25,all,600,0,0,5.50E-09,3.21E-08,NA,1,1,99.91801839,100,1,86.83379632,99.89381542,99.91798926,23.89025059,0.019580349,1.04E-05
212,20,20,10,10,rectangle,400,1,1,125,4,4,1,4,60,60,100,60,60,100,240,240,0,0,0,24000,24000,0,0,0,100,0,1,100,0,1,0.5,0.5,0,0,0,0.01,0.01,0,0,0,0,0.2,0,0,0,0.04,0,0.05,0.05,0.075,0.005,0,0,0,0.01875,0.00125,0,0,0,0.1,0.1,0,0,0,0.04,4,0.01,0.044,0.25,0.25,0.25,0.25,all,600,0,0,5.36E-09,3.13E-08,NA,1,1,99.9180184,100,1,88.24304256,99.89610977,99.91799163,23.53651651,0.019063631,1.01E-05
213,20,20,10,10,rectangle,400,1,1,125,4,4,1,4,60,60,100,60,60,100,240,240,0,0,0,24000,24000,0,0,0,100,0,1,100,0,1,0.5,0.5,0,0,0,0.01,0.01,0,0,0,0,0.2,0,0,0,0.04,0,0.05,0.05,0.075,0.005,0,0,0,0.01875,0.00125,0,0,0,0.1,0.1,0,0,0,0.04,4,0.01,0.044,0.25,0.25,0.25,0.25,all,600,0,0,4.99E-09,2.91E-08,NA,1,1,99.9180184,100,1,87.15645942,99.89587161,99.91799186,22.36231986,0.017756896,9.41E-06
214,20,20,10,10,rectangle,400,1,1,125,4,4,1,4,60,60,100,60,60,100,240,240,0,0,0,24000,24000,0,0,0,100,0,1,100,0,1,0.5,0.5,0,0,0,0.01,0.01,0,0,0,0,0.2,0,0,0,0.04,0,0.05,0.05,0.075,0.005,0,0,0,0.01875,0.00125,0,0,0,0.1,0.1,0,0,0,0.04,4,0.01,0.044,0.25,0.25,0.25,0.25,all,600,0,0,5.65E-09,3.30E-08,NA,1,1,99.91801839,100,1,87.01668239,99.8940414,99.91798934,25.30867193,0.02012457,1.07E-05
215,20,20,10,10,rectangle,400,1,1,125,4,4,1,4,60,60,100,60,60,100,240,240,0,0,0,24000,24000,0,0,0,100,0,1,100,0,1,0.5,0.5,0,0,0,0.01,0.01,0,0,0,0,0.2,0,0,0,0.04,0,0.05,0.05,0.075,0.005,0,0,0,0.01875,0.00125,0,0,0,0.1,0.1,0,0,0,0.04,4,0.01,0.044,0.25,0.25,0.25,0.25,all,600,0,0,5.52E-09,3.22E-08,NA,1,1,99.91801839,100,1,87.63433295,99.89505076,99.91799039,24.78238623,0.01964098,1.04E-05
6,20,20,10,10,rectangle,400,1,1,125,4,5,1.25,4,1,1,100,1,1,100,4,4,0,0,0,400,400,0,0,0,100,0,1,100,0,1,0.5,0.5,0,0,0,0.01,0.01,0,0,0,0,0.2,0,0,0,0.04,0,0.05,0.05,0.075,0.005,0,0,0,0.01875,0.00125,0,0,0,0.1,0.1,0,0,0,0.04,4,0.01,0.044,0.25,0.25,0.25,0.25,all,600,0,0,3.85E-08,2.21E-07,NA,0.75,0.75,99.91801623,100,1,36.71532476,95.33118997,99.91534845,8.886489293,0.067170788,5.20E-05
7,20,20,10,10,rectangle,400,1,1,125,4,5,1.25,4,1,1,100,1,1,100,4,4,0,0,0,400,400,0,0,0,100,0,1,100,0,1,0.5,0.5,0,0,0,0.01,0.01,0,0,0,0,0.2,0,0,0,0.04,0,0.05,0.05,0.075,0.005,0,0,0,0.01875,0.00125,0,0,0,0.1,0.1,0,0,0,0.04,4,0.01,0.044,0.25,0.25,0.25,0.25,all,600,0,0,1.36E-08,7.81E-08,NA,0.75,0.75,99.91801835,100,1,57.21296286,99.78270686,99.91793856,6.123016547,0.024758015,1.84E-05
8,20,20,10,10,rectangle,400,1,1,125,4,5,1.25,4,1,1,100,1,1,100,4,4,0,0,0,400,400,0,0,0,100,0,1,100,0,1,0.5,0.5,0,0,0,0.01,0.01,0,0,0,0,0.2,0,0,0,0.04,0,0.05,0.05,0.075,0.005,0,0,0,0.01875,0.00125,0,0,0,0.1,0.1,0,0,0,0.04,4,0.01,0.044,0.25,0.25,0.25,0.25,all,600,0,0,1.34E-08,7.70E-08,NA,0.75,0.75,99.91801832,100,1,56.72709352,99.67140534,99.91790906,5.668427772,0.02438299,1.81E-05
9,20,20,10,10,rectangle,400,1,1,125,4,5,1.25,4,1,1,100,1,1,100,4,4,0,0,0,400,400,0,0,0,100,0,1,100,0,1,0.5,0.5,0,0,0,0.01,0.01,0,0,0,0,0.2,0,0,0,0.04,0,0.05,0.05,0.075,0.005,0,0,0,0.01875,0.00125,0,0,0,0.1,0.1,0,0,0,0.04,4,0.01,0.044,0.25,0.25,0.25,0.25,all,600,0,0,1.41E-08,8.10E-08,NA,0.75,0.75,99.91801832,100,1,53.27755953,99.66545975,99.91789888,6.166507056,0.025649228,1.91E-05
10,20,20,10,10,rectangle,400,1,1,125,4,5,1.25,4,1,1,100,1,1,100,4,4,0,0,0,400,400,0,0,0,100,0,1,100,0,1,0.5,0.5,0,0,0,0.01,0.01,0,0,0,0,0.2,0,0,0,0.04,0,0.05,0.05,0.075,0.005,0,0,0,0.01875,0.00125,0,0,0,0.1,0.1,0,0,0,0.04,4,0.01,0.044,0.25,0.25,0.25,0.25,all,600,0,0,2.87E-08,1.65E-07,NA,0.75,0.75,99.91801473,100,1,40.08711285,93.09156751,99.91338839,8.241932169,0.049879032,3.88E-05
21,20,20,10,10,rectangle,400,1,1,125,4,5,1.25,4,2,2,100,1,1,100,8,4,0,0,0,800,400,0,0,0,100,0,1,100,0,1,0.5,0.5,0,0,0,0.01,0.01,0,0,0,0,0.2,0,0,0,0.04,0,0.05,0.05,0.075,0.005,0,0,0,0.01875,0.00125,0,0,0,0.1,0.1,0,0,0,0.04,4,0.01,0.044,0.25,0.25,0.25,0.25,all,600,0,0,5.10E-09,2.93E-08,NA,0.75,1,99.91801837,100,1,65.9585123,99.78124382,99.91795719,3.44239755,0.009279871,6.89E-06
22,20,20,10,10,rectangle,400,1,1,125,4,5,1.25,4,2,2,100,1,1,100,8,4,0,0,0,800,400,0,0,0,100,0,1,100,0,1,0.5,0.5,0,0,0,0.01,0.01,0,0,0,0,0.2,0,0,0,0.04,0,0.05,0.05,0.075,0.005,0,0,0,0.01875,0.00125,0,0,0,0.1,0.1,0,0,0,0.04,4,0.01,0.044,0.25,0.25,0.25,0.25,all,600,0,0,7.72E-09,4.43E-08,NA,0.75,1,99.91801838,100,1,64.43452754,99.86069396,99.91797588,4.758599981,0.014059969,1.04E-05
23,20,20,10,10,rectangle,400,1,1,125,4,5,1.25,4,2,2,100,1,1,100,8,4,0,0,0,800,400,0,0,0,100,0,1,100,0,1,0.5,0.5,0,0,0,0.01,0.01,0,0,0,0,0.2,0,0,0,0.04,0,0.05,0.05,0.075,0.005,0,0,0,0.01875,0.00125,0,0,0,0.1,0.1,0,0,0,0.04,4,0.01,0.044,0.25,0.25,0.25,0.25,all,600,0,0,7.69E-09,4.41E-08,NA,0.75,0.75,99.91801833,100,1,60.47120879,99.66032447,99.91791241,5.168970347,0.013973677,1.04E-05
24,20,20,10,10,rectangle,400,1,1,125,4,5,1.25,4,2,2,100,1,1,100,8,4,0,0,0,800,400,0,0,0,100,0,1,100,0,1,0.5,0.5,0,0,0,0.01,0.01,0,0,0,0,0.2,0,0,0,0.04,0,0.05,0.05,0.075,0.005,0,0,0,0.01875,0.00125,0,0,0,0.1,0.1,0,0,0,0.04,4,0.01,0.044,0.25,0.25,0.25,0.25,all,600,0,0,7.46E-09,4.28E-08,NA,0.75,1,99.91801837,100,1,64.45913195,99.82663616,99.91796421,4.966393291,0.013580228,1.01E-05
25,20,20,10,10,rectangle,400,1,1,125,4,5,1.25,4,2,2,100,1,1,100,8,4,0,0,0,800,400,0,0,0,100,0,1,100,0,1,0.5,0.5,0,0,0,0.01,0.01,0,0,0,0,0.2,0,0,0,0.04,0,0.05,0.05,0.075,0.005,0,0,0,0.01875,0.00125,0,0,0,0.1,0.1,0,0,0,0.04,4,0.01,0.044,0.25,0.25,0.25,0.25,all,600,0,0,3.70E-09,2.12E-08,NA,0.75,1,99.9180184,100,1,69.16059636,99.87610061,99.91798889,2.600641376,0.006735634,4.99E-06
36,20,20,10,10,rectangle,400,1,1,125,4,5,1.25,4,1,1,100,2,2,100,4,8,0,0,0,400,800,0,0,0,100,0,1,100,0,1,0.5,0.5,0,0,0,0.01,0.01,0,0,0,0,0.2,0,0,0,0.04,0,0.05,0.05,0.075,0.005,0,0,0,0.01875,0.00125,0,0,0,0.1,0.1,0,0,0,0.04,4,0.01,0.044,0.25,0.25,0.25,0.25,all,600,0,0,2.47E-07,1.42E-06,NA,0.75,0.75,99.9180122,100,1,25.29042165,89.01172018,99.91039096,22.90557794,0.400749889,0.000333119
37,20,20,10,10,rectangle,400,1,1,125,4,5,1.25,4,1,1,100,2,2,100,4,8,0,0,0,400,800,0,0,0,100,0,1,100,0,1,0.5,0.5,0,0,0,0.01,0.01,0,0,0,0,0.2,0,0,0,0.04,0,0.05,0.05,0.075,0.005,0,0,0,0.01875,0.00125,0,0,0,0.1,0.1,0,0,0,0.04,4,0.01,0.044,0.25,0.25,0.25,0.25,all,600,0,0,5.35E-08,3.07E-07,NA,0.75,0.75,99.91801713,100,1,42.55402205,96.47348611,99.91650211,13.39411457,0.094177177,7.23E-05
38,20,20,10,10,rectangle,400,1,1,125,4,5,1.25,4,1,1,100,2,2,100,4,8,0,0,0,400,800,0,0,0,100,0,1,100,0,1,0.5,0.5,0,0,0,0.01,0.01,0,0,0,0,0.2,0,0,0,0.04,0,0.05,0.05,0.075,0.005,0,0,0,0.01875,0.00125,0,0,0,0.1,0.1,0,0,0,0.04,4,0.01,0.044,0.25,0.25,0.25,0.25,all,600,0,0,5.68E-07,3.26E-06,NA,0.75,0.75,99.91792824,100,1,17.8537775,75.50804394,99.65616693,19.95544464,0.810916902,0.000764324
39,20,20,10,10,rectangle,400,1,1,125,4,5,1.25,4,1,1,100,2,2,100,4,8,0,0,0,400,800,0,0,0,100,0,1,100,0,1,0.5,0.5,0,0,0,0.01,0.01,0,0,0,0,0.2,0,0,0,0.04,0,0.05,0.05,0.075,0.005,0,0,0,0.01875,0.00125,0,0,0,0.1,0.1,0,0,0,0.04,4,0.01,0.044,0.25,0.25,0.25,0.25,all,600,0,0,1.33E-07,7.65E-07,NA,0.75,0.75,99.91800417,100,1,27.29371036,87.73361313,99.89084304,18.05845979,0.220211884,0.000179908
40,20,20,10,10,rectangle,400,1,1,125,4,5,1.25,4,1,1,100,2,2,100,4,8,0,0,0,400,800,0,0,0,100,0,1,100,0,1,0.5,0.5,0,0,0,0.01,0.01,0,0,0,0,0.2,0,0,0,0.04,0,0.05,0.05,0.075,0.005,0,0,0,0.01875,0.00125,0,0,0,0.1,0.1,0,0,0,0.04,4,0.01,0.044,0.25,0.25,0.25,0.25,all,600,0,0,3.95E-08,2.26E-07,NA,0.75,0.75,99.91801815,100,1,43.61152197,99.14137053,99.91772158,13.29528282,0.071499678,5.33E-05
51,20,20,10,10,rectangle,400,1,1,125,4,5,1.25,4,5,5,100,10,10,100,20,40,0,0,0,2000,4000,0,0,0,100,0,1,100,0,1,0.5,0.5,0,0,0,0.01,0.01,0,0,0,0,0.2,0,0,0,0.04,0,0.05,0.05,0.075,0.005,0,0,0,0.01875,0.00125,0,0,0,0.1,0.1,0,0,0,0.04,4,0.01,0.044,0.25,0.25,0.25,0.25,all,600,0,0,2.75E-08,1.58E-07,NA,0.75,0.75,99.91801833,100,1,61.39674976,99.79844464,99.91792768,23.38721528,0.049936944,3.71E-05
52,20,20,10,10,rectangle,400,1,1,125,4,5,1.25,4,5,5,100,10,10,100,20,40,0,0,0,2000,4000,0,0,0,100,0,1,100,0,1,0.5,0.5,0,0,0,0.01,0.01,0,0,0,0,0.2,0,0,0,0.04,0,0.05,0.05,0.075,0.005,0,0,0,0.01875,0.00125,0,0,0,0.1,0.1,0,0,0,0.04,4,0.01,0.044,0.25,0.25,0.25,0.25,all,600,0,0,8.21E-08,4.71E-07,NA,0.75,0.75,99.91801818,100,1,48.94996025,99.5589917,99.91778571,41.81696047,0.148929901,0.000110885
53,20,20,10,10,rectangle,400,1,1,125,4,5,1.25,4,5,5,100,10,10,100,20,40,0,0,0,2000,4000,0,0,0,100,0,1,100,0,1,0.5,0.5,0,0,0,0.01,0.01,0,0,0,0,0.2,0,0,0,0.04,0,0.05,0.05,0.075,0.005,0,0,0,0.01875,0.00125,0,0,0,0.1,0.1,0,0,0,0.04,4,0.01,0.044,0.25,0.25,0.25,0.25,all,600,0,0,3.98E-08,2.28E-07,NA,0.75,0.75,99.91801816,100,1,52.62157933,99.25381818,99.91773254,29.4835791,0.072242624,5.38E-05
54,20,20,10,10,rectangle,400,1,1,125,4,5,1.25,4,5,5,100,10,10,100,20,40,0,0,0,2000,4000,0,0,0,100,0,1,100,0,1,0.5,0.5,0,0,0,0.01,0.01,0,0,0,0,0.2,0,0,0,0.04,0,0.05,0.05,0.075,0.005,0,0,0,0.01875,0.00125,0,0,0,0.1,0.1,0,0,0,0.04,4,0.01,0.044,0.25,0.25,0.25,0.25,all,600,0,0,3.04E-08,1.74E-07,NA,0.75,0.75,99.91801832,100,1,59.87216,99.79620522,99.9179222,25.26809322,0.055238704,4.10E-05
55,20,20,10,10,rectangle,400,1,1,125,4,5,1.25,4,5,5,100,10,10,100,20,40,0,0,0,2000,4000,0,0,0,100,0,1,100,0,1,0.5,0.5,0,0,0,0.01,0.01,0,0,0,0,0.2,0,0,0,0.04,0,0.05,0.05,0.075,0.005,0,0,0,0.01875,0.00125,0,0,0,0.1,0.1,0,0,0,0.04,4,0.01,0.044,0.25,0.25,0.25,0.25,all,600,0,0,2.80E-08,1.60E-07,NA,0.75,0.75,99.91801834,100,1,61.67241155,99.81405214,99.91793297,22.47561101,0.050855552,3.78E-05
66,20,20,10,10,rectangle,400,1,1,125,4,5,1.25,4,10,10,100,5,5,100,40,20,0,0,0,4000,2000,0,0,0,100,0,1,100,0,1,0.5,0.5,0,0,0,0.01,0.01,0,0,0,0,0.2,0,0,0,0.04,0,0.05,0.05,0.075,0.005,0,0,0,0.01875,0.00125,0,0,0,0.1,0.1,0,0,0,0.04,4,0.01,0.044,0.25,0.25,0.25,0.25,all,600,0,0,5.49E-09,3.15E-08,NA,1,1,99.91801841,100,1,82.00335744,99.9017926,99.91800149,6.962342614,0.010005935,7.42E-06
67,20,20,10,10,rectangle,400,1,1,125,4,5,1.25,4,10,10,100,5,5,100,40,20,0,0,0,4000,2000,0,0,0,100,0,1,100,0,1,0.5,0.5,0,0,0,0.01,0.01,0,0,0,0,0.2,0,0,0,0.04,0,0.05,0.05,0.075,0.005,0,0,0,0.01875,0.00125,0,0,0,0.1,0.1,0,0,0,0.04,4,0.01,0.044,0.25,0.25,0.25,0.25,all,600,0,0,5.44E-09,3.12E-08,NA,1,1,99.9180184,100,1,80.93020469,99.90068919,99.9180006,6.857594181,0.009917083,7.35E-06
68,20,20,10,10,rectangle,400,1,1,125,4,5,1.25,4,10,10,100,5,5,100,40,20,0,0,0,4000,2000,0,0,0,100,0,1,100,0,1,0.5,0.5,0,0,0,0.01,0.01,0,0,0,0,0.2,0,0,0,0.04,0,0.05,0.05,0.075,0.005,0,0,0,0.01875,0.00125,0,0,0,0.1,0.1,0,0,0,0.04,4,0.01,0.044,0.25,0.25,0.25,0.25,all,600,0,0,5.97E-09,3.43E-08,NA,1,1,99.9180184,100,1,81.41175343,99.9002217,99.9180002,7.62014561,0.010883757,8.07E-06
69,20,20,10,10,rectangle,400,1,1,125,4,5,1.25,4,10,10,100,5,5,100,40,20,0,0,0,4000,2000,0,0,0,100,0,1,100,0,1,0.5,0.5,0,0,0,0.01,0.01,0,0,0,0,0.2,0,0,0,0.04,0,0.05,0.05,0.075,0.005,0,0,0,0.01875,0.00125,0,0,0,0.1,0.1,0,0,0,0.04,4,0.01,0.044,0.25,0.25,0.25,0.25,all,600,0,0,6.77E-09,3.88E-08,NA,1,1,99.9180184,100,1,78.86132517,99.89683145,99.91799677,8.199875562,0.012327263,9.14E-06
70,20,20,10,10,rectangle,400,1,1,125,4,5,1.25,4,10,10,100,5,5,100,40,20,0,0,0,4000,2000,0,0,0,100,0,1,100,0,1,0.5,0.5,0,0,0,0.01,0.01,0,0,0,0,0.2,0,0,0,0.04,0,0.05,0.05,0.075,0.005,0,0,0,0.01875,0.00125,0,0,0,0.1,0.1,0,0,0,0.04,4,0.01,0.044,0.25,0.25,0.25,0.25,all,600,0,0,5.90E-09,3.39E-08,NA,1,1,99.9180184,100,1,80.84931904,99.90091368,99.91800044,7.261357808,0.010756246,7.97E-06
81,20,20,10,10,rectangle,400,1,1,125,4,5,1.25,4,5,5,100,5,5,100,20,20,0,0,0,2000,2000,0,0,0,100,0,1,100,0,1,0.5,0.5,0,0,0,0.01,0.01,0,0,0,0,0.2,0,0,0,0.04,0,0.05,0.05,0.075,0.005,0,0,0,0.01875,0.00125,0,0,0,0.1,0.1,0,0,0,0.04,4,0.01,0.044,0.25,0.25,0.25,0.25,all,600,0,0,1.25E-08,7.16E-08,NA,0.75,1,99.91801838,100,1,69.88390327,99.86321278,99.91797312,11.88202401,0.022732902,1.69E-05
82,20,20,10,10,rectangle,400,1,1,125,4,5,1.25,4,5,5,100,5,5,100,20,20,0,0,0,2000,2000,0,0,0,100,0,1,100,0,1,0.5,0.5,0,0,0,0.01,0.01,0,0,0,0,0.2,0,0,0,0.04,0,0.05,0.05,0.075,0.005,0,0,0,0.01875,0.00125,0,0,0,0.1,0.1,0,0,0,0.04,4,0.01,0.044,0.25,0.25,0.25,0.25,all,600,0,0,1.64E-08,9.41E-08,NA,0.75,1,99.91801837,100,1,67.90485322,99.84451434,99.91796162,14.31454324,0.029874009,2.22E-05
83,20,20,10,10,rectangle,400,1,1,125,4,5,1.25,4,5,5,100,5,5,100,20,20,0,0,0,2000,2000,0,0,0,100,0,1,100,0,1,0.5,0.5,0,0,0,0.01,0.01,0,0,0,0,0.2,0,0,0,0.04,0,0.05,0.05,0.075,0.005,0,0,0,0.01875,0.00125,0,0,0,0.1,0.1,0,0,0,0.04,4,0.01,0.044,0.25,0.25,0.25,0.25,all,600,0,0,1.07E-08,6.13E-08,NA,0.75,1,99.91801838,100,1,69.64140876,99.85283143,99.91797035,10.79830477,0.019450173,1.44E-05
84,20,20,10,10,rectangle,400,1,1,125,4,5,1.25,4,5,5,100,5,5,100,20,20,0,0,0,2000,2000,0,0,0,100,0,1,100,0,1,0.5,0.5,0,0,0,0.01,0.01,0,0,0,0,0.2,0,0,0,0.04,0,0.05,0.05,0.075,0.005,0,0,0,0.01875,0.00125,0,0,0,0.1,0.1,0,0,0,0.04,4,0.01,0.044,0.25,0.25,0.25,0.25,all,600,0,0,1.69E-08,9.69E-08,NA,0.75,1,99.91801836,100,1,65.68903337,99.83885792,99.91795652,14.67665849,0.030755732,2.28E-05
85,20,20,10,10,rectangle,400,1,1,125,4,5,1.25,4,5,5,100,5,5,100,20,20,0,0,0,2000,2000,0,0,0,100,0,1,100,0,1,0.5,0.5,0,0,0,0.01,0.01,0,0,0,0,0.2,0,0,0,0.04,0,0.05,0.05,0.075,0.005,0,0,0,0.01875,0.00125,0,0,0,0.1,0.1,0,0,0,0.04,4,0.01,0.044,0.25,0.25,0.25,0.25,all,600,0,0,1.82E-08,1.05E-07,NA,0.75,0.75,99.91801835,100,1,64.22012848,99.82698915,99.91794945,16.63276005,0.033161548,2.46E-05
96,20,20,10,10,rectangle,400,1,1,125,4,5,1.25,4,10,10,100,10,10,100,40,40,0,0,0,4000,4000,0,0,0,100,0,1,100,0,1,0.5,0.5,0,0,0,0.01,0.01,0,0,0,0,0.2,0,0,0,0.04,0,0.05,0.05,0.075,0.005,0,0,0,0.01875,0.00125,0,0,0,0.1,0.1,0,0,0,0.04,4,0.01,0.044,0.25,0.25,0.25,0.25,all,600,0,0,1.84E-08,1.06E-07,NA,1,1,99.91801836,100,1,70.15968523,99.84236024,99.91795856,19.23889818,0.033478396,2.48E-05
97,20,20,10,10,rectangle,400,1,1,125,4,5,1.25,4,10,10,100,10,10,100,40,40,0,0,0,4000,4000,0,0,0,100,0,1,100,0,1,0.5,0.5,0,0,0,0.01,0.01,0,0,0,0,0.2,0,0,0,0.04,0,0.05,0.05,0.075,0.005,0,0,0,0.01875,0.00125,0,0,0,0.1,0.1,0,0,0,0.04,4,0.01,0.044,0.25,0.25,0.25,0.25,all,600,0,0,2.00E-08,1.14E-07,NA,1,1,99.91801837,100,1,70.95068156,99.86526258,99.91796519,20.9477444,0.036311691,2.69E-05
98,20,20,10,10,rectangle,400,1,1,125,4,5,1.25,4,10,10,100,10,10,100,40,40,0,0,0,4000,4000,0,0,0,100,0,1,100,0,1,0.5,0.5,0,0,0,0.01,0.01,0,0,0,0,0.2,0,0,0,0.04,0,0.05,0.05,0.075,0.005,0,0,0,0.01875,0.00125,0,0,0,0.1,0.1,0,0,0,0.04,4,0.01,0.044,0.25,0.25,0.25,0.25,all,600,0,0,1.60E-08,9.19E-08,NA,1,1,99.91801838,100,1,74.94735397,99.88196095,99.91797817,18.04605465,0.029168412,2.16E-05
99,20,20,10,10,rectangle,400,1,1,125,4,5,1.25,4,10,10,100,10,10,100,40,40,0,0,0,4000,4000,0,0,0,100,0,1,100,0,1,0.5,0.5,0,0,0,0.01,0.01,0,0,0,0,0.2,0,0,0,0.04,0,0.05,0.05,0.075,0.005,0,0,0,0.01875,0.00125,0,0,0,0.1,0.1,0,0,0,0.04,4,0.01,0.044,0.25,0.25,0.25,0.25,all,600,0,0,1.48E-08,8.47E-08,NA,1,1,99.91801838,100,1,74.53291917,99.8776607,99.91797809,16.32105505,0.026907002,2.00E-05
100,20,20,10,10,rectangle,400,1,1,125,4,5,1.25,4,10,10,100,10,10,100,40,40,0,0,0,4000,4000,0,0,0,100,0,1,100,0,1,0.5,0.5,0,0,0,0.01,0.01,0,0,0,0,0.2,0,0,0,0.04,0,0.05,0.05,0.075,0.005,0,0,0,0.01875,0.00125,0,0,0,0.1,0.1,0,0,0,0.04,4,0.01,0.044,0.25,0.25,0.25,0.25,all,600,0,0,2.02E-08,1.16E-07,NA,1,1,99.91801837,100,1,71.79097681,99.86680415,99.91796597,21.26984914,0.03673917,2.73E-05
111,20,20,10,10,rectangle,400,1,1,125,4,5,1.25,4,15,15,100,20,20,100,60,80,0,0,0,6000,8000,0,0,0,100,0,1,100,0,1,0.5,0.5,0,0,0,0.01,0.01,0,0,0,0,0.2,0,0,0,0.04,0,0.05,0.05,0.075,0.005,0,0,0,0.01875,0.00125,0,0,0,0.1,0.1,0,0,0,0.04,4,0.01,0.044,0.25,0.25,0.25,0.25,all,600,0,0,2.16E-08,1.24E-07,NA,1,1,99.91801837,100,1,73.50581194,99.86674282,99.91796483,23.08566295,0.039309314,2.92E-05
112,20,20,10,10,rectangle,400,1,1,125,4,5,1.25,4,15,15,100,20,20,100,60,80,0,0,0,6000,8000,0,0,0,100,0,1,100,0,1,0.5,0.5,0,0,0,0.01,0.01,0,0,0,0,0.2,0,0,0,0.04,0,0.05,0.05,0.075,0.005,0,0,0,0.01875,0.00125,0,0,0,0.1,0.1,0,0,0,0.04,4,0.01,0.044,0.25,0.25,0.25,0.25,all,600,1,1,99.7770246,100,1,0,0,1.78E-05,5.03E-05,NA,25.77870947,1.582439577,0.005683775,91.74011711,98.08202567,99.74055245
113,20,20,10,10,rectangle,400,1,1,125,4,5,1.25,4,15,15,100,20,20,100,60,80,0,0,0,6000,8000,0,0,0,100,0,1,100,0,1,0.5,0.5,0,0,0,0.01,0.01,0,0,0,0,0.2,0,0,0,0.04,0,0.05,0.05,0.075,0.005,0,0,0,0.01875,0.00125,0,0,0,0.1,0.1,0,0,0,0.04,4,0.01,0.044,0.25,0.25,0.25,0.25,all,600,0,0,2.32E-08,1.33E-07,NA,1,1,99.91801836,100,1,73.73222326,99.86499536,99.91796257,25.50615226,0.042238404,3.13E-05
114,20,20,10,10,rectangle,400,1,1,125,4,5,1.25,4,15,15,100,20,20,100,60,80,0,0,0,6000,8000,0,0,0,100,0,1,100,0,1,0.5,0.5,0,0,0,0.01,0.01,0,0,0,0,0.2,0,0,0,0.04,0,0.05,0.05,0.075,0.005,0,0,0,0.01875,0.00125,0,0,0,0.1,0.1,0,0,0,0.04,4,0.01,0.044,0.25,0.25,0.25,0.25,all,600,0,0,3.36E-08,1.93E-07,NA,0.75,0.75,99.91801833,100,1,67.15238743,99.8317717,99.91793458,32.2530413,0.061065386,4.53E-05
115,20,20,10,10,rectangle,400,1,1,125,4,5,1.25,4,15,15,100,20,20,100,60,80,0,0,0,6000,8000,0,0,0,100,0,1,100,0,1,0.5,0.5,0,0,0,0.01,0.01,0,0,0,0,0.2,0,0,0,0.04,0,0.05,0.05,0.075,0.005,0,0,0,0.01875,0.00125,0,0,0,0.1,0.1,0,0,0,0.04,4,0.01,0.044,0.25,0.25,0.25,0.25,all,600,0,0,1.67E-08,9.59E-08,NA,1,1,99.91801838,100,1,76.79990328,99.87468012,99.91797557,18.86101548,0.030436167,2.26E-05
126,20,20,10,10,rectangle,400,1,1,125,4,5,1.25,4,20,20,100,15,15,100,80,60,0,0,0,8000,6000,0,0,0,100,0,1,100,0,1,0.5,0.5,0,0,0,0.01,0.01,0,0,0,0,0.2,0,0,0,0.04,0,0.05,0.05,0.075,0.005,0,0,0,0.01875,0.00125,0,0,0,0.1,0.1,0,0,0,0.04,4,0.01,0.044,0.25,0.25,0.25,0.25,all,600,0,0,8.55E-09,4.90E-08,NA,1,1,99.9180184,100,1,82.98224646,99.89929791,99.91799634,11.76081102,0.015572276,1.15E-05
127,20,20,10,10,rectangle,400,1,1,125,4,5,1.25,4,20,20,100,15,15,100,80,60,0,0,0,8000,6000,0,0,0,100,0,1,100,0,1,0.5,0.5,0,0,0,0.01,0.01,0,0,0,0,0.2,0,0,0,0.04,0,0.05,0.05,0.075,0.005,0,0,0,0.01875,0.00125,0,0,0,0.1,0.1,0,0,0,0.04,4,0.01,0.044,0.25,0.25,0.25,0.25,all,600,0,0,1.21E-08,6.91E-08,NA,1,1,99.91801839,100,1,81.43979158,99.89202141,99.91798896,15.48691409,0.02196377,1.63E-05
128,20,20,10,10,rectangle,400,1,1,125,4,5,1.25,4,20,20,100,15,15,100,80,60,0,0,0,8000,6000,0,0,0,100,0,1,100,0,1,0.5,0.5,0,0,0,0.01,0.01,0,0,0,0,0.2,0,0,0,0.04,0,0.05,0.05,0.075,0.005,0,0,0,0.01875,0.00125,0,0,0,0.1,0.1,0,0,0,0.04,4,0.01,0.044,0.25,0.25,0.25,0.25,all,600,0,0,9.77E-09,5.60E-08,NA,1,1,99.9180184,100,1,82.05454749,99.89468335,99.91799319,12.52024922,0.017791964,1.32E-05
129,20,20,10,10,rectangle,400,1,1,125,4,5,1.25,4,20,20,100,15,15,100,80,60,0,0,0,8000,6000,0,0,0,100,0,1,100,0,1,0.5,0.5,0,0,0,0.01,0.01,0,0,0,0,0.2,0,0,0,0.04,0,0.05,0.05,0.075,0.005,0,0,0,0.01875,0.00125,0,0,0,0.1,0.1,0,0,0,0.04,4,0.01,0.044,0.25,0.25,0.25,0.25,all,600,0,0,9.79E-09,5.61E-08,NA,1,1,99.9180184,100,1,83.30553368,99.89928326,99.91799506,12.9001135,0.017838489,1.32E-05
130,20,20,10,10,rectangle,400,1,1,125,4,5,1.25,4,20,20,100,15,15,100,80,60,0,0,0,8000,6000,0,0,0,100,0,1,100,0,1,0.5,0.5,0,0,0,0.01,0.01,0,0,0,0,0.2,0,0,0,0.04,0,0.05,0.05,0.075,0.005,0,0,0,0.01875,0.00125,0,0,0,0.1,0.1,0,0,0,0.04,4,0.01,0.044,0.25,0.25,0.25,0.25,all,600,0,0,1.04E-08,5.95E-08,NA,1,1,99.9180184,100,1,83.00723325,99.8977083,99.91799373,13.32714506,0.018888293,1.40E-05
141,20,20,10,10,rectangle,400,1,1,125,4,5,1.25,4,30,30,100,25,25,100,120,100,0,0,0,12000,10000,0,0,0,100,0,1,100,0,1,0.5,0.5,0,0,0,0.01,0.01,0,0,0,0,0.2,0,0,0,0.04,0,0.05,0.05,0.075,0.005,0,0,0,0.01875,0.00125,0,0,0,0.1,0.1,0,0,0,0.04,4,0.01,0.044,0.25,0.25,0.25,0.25,all,600,0,0,1.84E-08,1.05E-07,NA,1,1,99.91801838,100,1,78.43500761,99.88252958,99.9179757,24.53658267,0.033446073,2.48E-05
142,20,20,10,10,rectangle,400,1,1,125,4,5,1.25,4,30,30,100,25,25,100,120,100,0,0,0,12000,10000,0,0,0,100,0,1,100,0,1,0.5,0.5,0,0,0,0.01,0.01,0,0,0,0,0.2,0,0,0,0.04,0,0.05,0.05,0.075,0.005,0,0,0,0.01875,0.00125,0,0,0,0.1,0.1,0,0,0,0.04,4,0.01,0.044,0.25,0.25,0.25,0.25,all,600,0,0,1.23E-08,7.07E-08,NA,1,1,99.91801839,100,1,82.65044616,99.89361272,99.91798893,17.54281653,0.022471703,1.67E-05
143,20,20,10,10,rectangle,400,1,1,125,4,5,1.25,4,30,30,100,25,25,100,120,100,0,0,0,12000,10000,0,0,0,100,0,1,100,0,1,0.5,0.5,0,0,0,0.01,0.01,0,0,0,0,0.2,0,0,0,0.04,0,0.05,0.05,0.075,0.005,0,0,0,0.01875,0.00125,0,0,0,0.1,0.1,0,0,0,0.04,4,0.01,0.044,0.25,0.25,0.25,0.25,all,600,0,0,1.07E-08,6.11E-08,NA,1,1,99.9180184,100,1,84.42493198,99.89802162,99.9179934,14.58786825,0.01942245,1.44E-05
144,20,20,10,10,rectangle,400,1,1,125,4,5,1.25,4,30,30,100,25,25,100,120,100,0,0,0,12000,10000,0,0,0,100,0,1,100,0,1,0.5,0.5,0,0,0,0.01,0.01,0,0,0,0,0.2,0,0,0,0.04,0,0.05,0.05,0.075,0.005,0,0,0,0.01875,0.00125,0,0,0,0.1,0.1,0,0,0,0.04,4,0.01,0.044,0.25,0.25,0.25,0.25,all,600,0,0,1.13E-08,6.46E-08,NA,1,1,99.91801839,100,1,83.06606289,99.896495,99.91799136,16.99357651,0.020506783,1.52E-05
145,20,20,10,10,rectangle,400,1,1,125,4,5,1.25,4,30,30,100,25,25,100,120,100,0,0,0,12000,10000,0,0,0,100,0,1,100,0,1,0.5,0.5,0,0,0,0.01,0.01,0,0,0,0,0.2,0,0,0,0.04,0,0.05,0.05,0.075,0.005,0,0,0,0.01875,0.00125,0,0,0,0.1,0.1,0,0,0,0.04,4,0.01,0.044,0.25,0.25,0.25,0.25,all,600,0,0,9.75E-09,5.59E-08,NA,1,1,99.9180184,100,1,84.20254997,99.89904068,99.91799467,13.84759819,0.017760512,1.32E-05
156,20,20,10,10,rectangle,400,1,1,125,4,5,1.25,4,25,25,100,30,30,100,100,120,0,0,0,10000,12000,0,0,0,100,0,1,100,0,1,0.5,0.5,0,0,0,0.01,0.01,0,0,0,0,0.2,0,0,0,0.04,0,0.05,0.05,0.075,0.005,0,0,0,0.01875,0.00125,0,0,0,0.1,0.1,0,0,0,0.04,4,0.01,0.044,0.25,0.25,0.25,0.25,all,600,0,0,2.59E-08,1.48E-07,NA,1,1,99.91801836,100,1,73.69448855,99.86516573,99.91795869,30.22468758,0.047096508,3.49E-05
157,20,20,10,10,rectangle,400,1,1,125,4,5,1.25,4,25,25,100,30,30,100,100,120,0,0,0,10000,12000,0,0,0,100,0,1,100,0,1,0.5,0.5,0,0,0,0.01,0.01,0,0,0,0,0.2,0,0,0,0.04,0,0.05,0.05,0.075,0.005,0,0,0,0.01875,0.00125,0,0,0,0.1,0.1,0,0,0,0.04,4,0.01,0.044,0.25,0.25,0.25,0.25,all,600,1,1,99.77263062,100,1,0,0,9.63E-06,2.72E-05,NA,25.88829349,0.910680328,0.003067447,94.05911029,98.34588744,99.7585614
158,20,20,10,10,rectangle,400,1,1,125,4,5,1.25,4,25,25,100,30,30,100,100,120,0,0,0,10000,12000,0,0,0,100,0,1,100,0,1,0.5,0.5,0,0,0,0.01,0.01,0,0,0,0,0.2,0,0,0,0.04,0,0.05,0.05,0.075,0.005,0,0,0,0.01875,0.00125,0,0,0,0.1,0.1,0,0,0,0.04,4,0.01,0.044,0.25,0.25,0.25,0.25,all,600,0,0,1.67E-08,9.57E-08,NA,1,1,99.91801838,100,1,79.83496484,99.88448965,99.91797915,21.13639898,0.030383735,2.25E-05
159,20,20,10,10,rectangle,400,1,1,125,4,5,1.25,4,25,25,100,30,30,100,100,120,0,0,0,10000,12000,0,0,0,100,0,1,100,0,1,0.5,0.5,0,0,0,0.01,0.01,0,0,0,0,0.2,0,0,0,0.04,0,0.05,0.05,0.075,0.005,0,0,0,0.01875,0.00125,0,0,0,0.1,0.1,0,0,0,0.04,4,0.01,0.044,0.25,0.25,0.25,0.25,all,600,0,0,1.85E-08,1.06E-07,NA,1,1,99.91801838,100,1,79.55317011,99.88427127,99.9179767,23.25150049,0.033666192,2.50E-05
160,20,20,10,10,rectangle,400,1,1,125,4,5,1.25,4,25,25,100,30,30,100,100,120,0,0,0,10000,12000,0,0,0,100,0,1,100,0,1,0.5,0.5,0,0,0,0.01,0.01,0,0,0,0,0.2,0,0,0,0.04,0,0.05,0.05,0.075,0.005,0,0,0,0.01875,0.00125,0,0,0,0.1,0.1,0,0,0,0.04,4,0.01,0.044,0.25,0.25,0.25,0.25,all,600,0,0,1.55E-08,8.86E-08,NA,1,1,99.91801838,100,1,79.97939729,99.88667808,99.91798141,19.91971989,0.028146583,2.09E-05
171,20,20,10,10,rectangle,400,1,1,125,4,5,1.25,4,30,30,100,30,30,100,120,120,0,0,0,12000,12000,0,0,0,100,0,1,100,0,1,0.5,0.5,0,0,0,0.01,0.01,0,0,0,0,0.2,0,0,0,0.04,0,0.05,0.05,0.075,0.005,0,0,0,0.01875,0.00125,0,0,0,0.1,0.1,0,0,0,0.04,4,0.01,0.044,0.25,0.25,0.25,0.25,all,600,0,0,1.36E-08,7.79E-08,NA,1,1,99.91801839,100,1,82.56728779,99.89348761,99.91798743,17.65758779,0.024740612,1.83E-05
172,20,20,10,10,rectangle,400,1,1,125,4,5,1.25,4,30,30,100,30,30,100,120,120,0,0,0,12000,12000,0,0,0,100,0,1,100,0,1,0.5,0.5,0,0,0,0.01,0.01,0,0,0,0,0.2,0,0,0,0.04,0,0.05,0.05,0.075,0.005,0,0,0,0.01875,0.00125,0,0,0,0.1,0.1,0,0,0,0.04,4,0.01,0.044,0.25,0.25,0.25,0.25,all,600,0,0,1.49E-08,8.53E-08,NA,1,1,99.91801839,100,1,82.42841787,99.89095713,99.91798464,19.00454907,0.027075685,2.01E-05
173,20,20,10,10,rectangle,400,1,1,125,4,5,1.25,4,30,30,100,30,30,100,120,120,0,0,0,12000,12000,0,0,0,100,0,1,100,0,1,0.5,0.5,0,0,0,0.01,0.01,0,0,0,0,0.2,0,0,0,0.04,0,0.05,0.05,0.075,0.005,0,0,0,0.01875,0.00125,0,0,0,0.1,0.1,0,0,0,0.04,4,0.01,0.044,0.25,0.25,0.25,0.25,all,600,0,0,1.36E-08,7.78E-08,NA,1,1,99.91801839,100,1,81.52555721,99.88918307,99.91798524,18.22947488,0.024719912,1.83E-05
174,20,20,10,10,rectangle,400,1,1,125,4,5,1.25,4,30,30,100,30,30,100,120,120,0,0,0,12000,12000,0,0,0,100,0,1,100,0,1,0.5,0.5,0,0,0,0.01,0.01,0,0,0,0,0.2,0,0,0,0.04,0,0.05,0.05,0.075,0.005,0,0,0,0.01875,0.00125,0,0,0,0.1,0.1,0,0,0,0.04,4,0.01,0.044,0.25,0.25,0.25,0.25,all,600,0,0,2.08E-08,1.19E-07,NA,1,1,99.91801837,100,1,77.31971,99.87798157,99.91797033,26.02748952,0.037869113,2.81E-05
175,20,20,10,10,rectangle,400,1,1,125,4,5,1.25,4,30,30,100,30,30,100,120,120,0,0,0,12000,12000,0,0,0,100,0,1,100,0,1,0.5,0.5,0,0,0,0.01,0.01,0,0,0,0,0.2,0,0,0,0.04,0,0.05,0.05,0.075,0.005,0,0,0,0.01875,0.00125,0,0,0,0.1,0.1,0,0,0,0.04,4,0.01,0.044,0.25,0.25,0.25,0.25,all,600,0,0,1.40E-08,8.04E-08,NA,1,1,99.91801839,100,1,82.04508285,99.8914305,99.91798568,18.59301178,0.025534674,1.89E-05
186,20,20,10,10,rectangle,400,1,1,125,4,5,1.25,4,40,40,100,40,40,100,160,160,0,0,0,16000,16000,0,0,0,100,0,1,100,0,1,0.5,0.5,0,0,0,0.01,0.01,0,0,0,0,0.2,0,0,0,0.04,0,0.05,0.05,0.075,0.005,0,0,0,0.01875,0.00125,0,0,0,0.1,0.1,0,0,0,0.04,4,0.01,0.044,0.25,0.25,0.25,0.25,all,600,0,0,1.47E-08,8.41E-08,NA,1,1,99.91801839,100,1,83.5071967,99.89139069,99.91798491,20.22411732,0.026709668,1.98E-05
187,20,20,10,10,rectangle,400,1,1,125,4,5,1.25,4,40,40,100,40,40,100,160,160,0,0,0,16000,16000,0,0,0,100,0,1,100,0,1,0.5,0.5,0,0,0,0.01,0.01,0,0,0,0,0.2,0,0,0,0.04,0,0.05,0.05,0.075,0.005,0,0,0,0.01875,0.00125,0,0,0,0.1,0.1,0,0,0,0.04,4,0.01,0.044,0.25,0.25,0.25,0.25,all,600,0,0,1.37E-08,7.84E-08,NA,1,1,99.91801839,100,1,83.62027127,99.89382768,99.91798693,19.6466012,0.024916071,1.85E-05
188,20,20,10,10,rectangle,400,1,1,125,4,5,1.25,4,40,40,100,40,40,100,160,160,0,0,0,16000,16000,0,0,0,100,0,1,100,0,1,0.5,0.5,0,0,0,0.01,0.01,0,0,0,0,0.2,0,0,0,0.04,0,0.05,0.05,0.075,0.005,0,0,0,0.01875,0.00125,0,0,0,0.1,0.1,0,0,0,0.04,4,0.01,0.044,0.25,0.25,0.25,0.25,all,600,0,0,1.38E-08,7.93E-08,NA,1,1,99.91801839,100,1,83.47119074,99.89322635,99.91798665,19.9780355,0.025201276,1.87E-05
189,20,20,10,10,rectangle,400,1,1,125,4,5,1.25,4,40,40,100,40,40,100,160,160,0,0,0,16000,16000,0,0,0,100,0,1,100,0,1,0.5,0.5,0,0,0,0.01,0.01,0,0,0,0,0.2,0,0,0,0.04,0,0.05,0.05,0.075,0.005,0,0,0,0.01875,0.00125,0,0,0,0.1,0.1,0,0,0,0.04,4,0.01,0.044,0.25,0.25,0.25,0.25,all,600,0,0,1.42E-08,8.16E-08,NA,1,1,99.91801839,100,1,83.97546612,99.8926403,99.91798597,20.25951076,0.025904694,1.92E-05
190,20,20,10,10,rectangle,400,1,1,125,4,5,1.25,4,40,40,100,40,40,100,160,160,0,0,0,16000,16000,0,0,0,100,0,1,100,0,1,0.5,0.5,0,0,0,0.01,0.01,0,0,0,0,0.2,0,0,0,0.04,0,0.05,0.05,0.075,0.005,0,0,0,0.01875,0.00125,0,0,0,0.1,0.1,0,0,0,0.04,4,0.01,0.044,0.25,0.25,0.25,0.25,all,600,0,0,1.96E-08,1.13E-07,NA,1,1,99.91801837,100,1,80.56206032,99.88269421,99.91797448,26.99606004,0.03573608,2.65E-05
201,20,20,10,10,rectangle,400,1,1,125,4,5,1.25,4,50,50,100,50,50,100,200,200,0,0,0,20000,20000,0,0,0,100,0,1,100,0,1,0.5,0.5,0,0,0,0.01,0.01,0,0,0,0,0.2,0,0,0,0.04,0,0.05,0.05,0.075,0.005,0,0,0,0.01875,0.00125,0,0,0,0.1,0.1,0,0,0,0.04,4,0.01,0.044,0.25,0.25,0.25,0.25,all,600,0,0,1.69E-08,9.70E-08,NA,1,1,99.91801838,100,1,84.20257992,99.88686194,99.91797991,23.52526956,0.030806144,2.28E-05
202,20,20,10,10,rectangle,400,1,1,125,4,5,1.25,4,50,50,100,50,50,100,200,200,0,0,0,20000,20000,0,0,0,100,0,1,100,0,1,0.5,0.5,0,0,0,0.01,0.01,0,0,0,0,0.2,0,0,0,0.04,0,0.05,0.05,0.075,0.005,0,0,0,0.01875,0.00125,0,0,0,0.1,0.1,0,0,0,0.04,4,0.01,0.044,0.25,0.25,0.25,0.25,all,600,0,0,3.13E-08,1.80E-07,NA,1,1,99.91801835,100,1,79.17528585,99.86011353,99.91795134,35.68489241,0.056994904,4.23E-05
203,20,20,10,10,rectangle,400,1,1,125,4,5,1.25,4,50,50,100,50,50,100,200,200,0,0,0,20000,20000,0,0,0,100,0,1,100,0,1,0.5,0.5,0,0,0,0.01,0.01,0,0,0,0,0.2,0,0,0,0.04,0,0.05,0.05,0.075,0.005,0,0,0,0.01875,0.00125,0,0,0,0.1,0.1,0,0,0,0.04,4,0.01,0.044,0.25,0.25,0.25,0.25,all,600,0,0,1.84E-08,1.06E-07,NA,1,1,99.91801838,100,1,84.16978128,99.8842528,99.91797726,24.68277408,0.033580596,2.49E-05
204,20,20,10,10,rectangle,400,1,1,125,4,5,1.25,4,50,50,100,50,50,100,200,200,0,0,0,20000,20000,0,0,0,100,0,1,100,0,1,0.5,0.5,0,0,0,0.01,0.01,0,0,0,0,0.2,0,0,0,0.04,0,0.05,0.05,0.075,0.005,0,0,0,0.01875,0.00125,0,0,0,0.1,0.1,0,0,0,0.04,4,0.01,0.044,0.25,0.25,0.25,0.25,all,600,0,0,1.67E-08,9.60E-08,NA,1,1,99.91801838,100,1,84.87849622,99.88882842,99.91798117,22.97929187,0.030470309,2.26E-05
205,20,20,10,10,rectangle,400,1,1,125,4,5,1.25,4,50,50,100,50,50,100,200,200,0,0,0,20000,20000,0,0,0,100,0,1,100,0,1,0.5,0.5,0,0,0,0.01,0.01,0,0,0,0,0.2,0,0,0,0.04,0,0.05,0.05,0.075,0.005,0,0,0,0.01875,0.00125,0,0,0,0.1,0.1,0,0,0,0.04,4,0.01,0.044,0.25,0.25,0.25,0.25,all,600,0,0,1.69E-08,9.71E-08,NA,1,1,99.91801838,100,1,83.59256335,99.88854108,99.91798025,24.67438924,0.030824779,2.29E-05
216,20,20,10,10,rectangle,400,1,1,125,4,5,1.25,4,60,60,100,60,60,100,240,240,0,0,0,24000,24000,0,0,0,100,0,1,100,0,1,0.5,0.5,0,0,0,0.01,0.01,0,0,0,0,0.2,0,0,0,0.04,0,0.05,0.05,0.075,0.005,0,0,0,0.01875,0.00125,0,0,0,0.1,0.1,0,0,0,0.04,4,0.01,0.044,0.25,0.25,0.25,0.25,all,600,0,0,2.12E-08,1.22E-07,NA,1,1,99.91801837,100,1,85.09427598,99.88241959,99.91797287,28.76281062,0.038612118,2.86E-05
217,20,20,10,10,rectangle,400,1,1,125,4,5,1.25,4,60,60,100,60,60,100,240,240,0,0,0,24000,24000,0,0,0,100,0,1,100,0,1,0.5,0.5,0,0,0,0.01,0.01,0,0,0,0,0.2,0,0,0,0.04,0,0.05,0.05,0.075,0.005,0,0,0,0.01875,0.00125,0,0,0,0.1,0.1,0,0,0,0.04,4,0.01,0.044,0.25,0.25,0.25,0.25,all,600,0,0,2.07E-08,1.19E-07,NA,1,1,99.91801837,100,1,85.96692629,99.88238722,99.91797385,27.27691797,0.037719272,2.80E-05
218,20,20,10,10,rectangle,400,1,1,125,4,5,1.25,4,60,60,100,60,60,100,240,240,0,0,0,24000,24000,0,0,0,100,0,1,100,0,1,0.5,0.5,0,0,0,0.01,0.01,0,0,0,0,0.2,0,0,0,0.04,0,0.05,0.05,0.075,0.005,0,0,0,0.01875,0.00125,0,0,0,0.1,0.1,0,0,0,0.04,4,0.01,0.044,0.25,0.25,0.25,0.25,all,600,0,0,1.96E-08,1.13E-07,NA,1,1,99.91801838,100,1,85.14259669,99.88532622,99.91797575,27.98462462,0.035764181,2.65E-05
219,20,20,10,10,rectangle,400,1,1,125,4,5,1.25,4,60,60,100,60,60,100,240,240,0,0,0,24000,24000,0,0,0,100,0,1,100,0,1,0.5,0.5,0,0,0,0.01,0.01,0,0,0,0,0.2,0,0,0,0.04,0,0.05,0.05,0.075,0.005,0,0,0,0.01875,0.00125,0,0,0,0.1,0.1,0,0,0,0.04,4,0.01,0.044,0.25,0.25,0.25,0.25,all,600,0,0,2.41E-08,1.38E-07,NA,1,1,99.91801837,100,1,85.01531114,99.87804775,99.91796808,30.3209644,0.043816262,3.25E-05
220,20,20,10,10,rectangle,400,1,1,125,4,5,1.25,4,60,60,100,60,60,100,240,240,0,0,0,24000,24000,0,0,0,100,0,1,100,0,1,0.5,0.5,0,0,0,0.01,0.01,0,0,0,0,0.2,0,0,0,0.04,0,0.05,0.05,0.075,0.005,0,0,0,0.01875,0.00125,0,0,0,0.1,0.1,0,0,0,0.04,4,0.01,0.044,0.25,0.25,0.25,0.25,all,600,0,0,1.96E-08,1.12E-07,NA,1,1,99.91801838,100,1,86.09948655,99.88676536,99.91797688,26.67035248,0.035616537,2.64E-05
11,20,20,10,10,rectangle,400,1,1,125,4,6,1.5,4,1,1,100,1,1,100,4,4,0,0,0,400,400,0,0,0,100,0,1,100,0,1,0.5,0.5,0,0,0,0.01,0.01,0,0,0,0,0.2,0,0,0,0.04,0,0.05,0.05,0.075,0.005,0,0,0,0.01875,0.00125,0,0,0,0.1,0.1,0,0,0,0.04,4,0.01,0.044,0.25,0.25,0.25,0.25,all,600,0,0,3.49E-08,2.02E-07,NA,0.75,0.75,99.9180181,100,1,50.44287597,98.90856885,99.91765103,7.689622977,0.050652217,4.28E-05
12,20,20,10,10,rectangle,400,1,1,125,4,6,1.5,4,1,1,100,1,1,100,4,4,0,0,0,400,400,0,0,0,100,0,1,100,0,1,0.5,0.5,0,0,0,0.01,0.01,0,0,0,0,0.2,0,0,0,0.04,0,0.05,0.05,0.075,0.005,0,0,0,0.01875,0.00125,0,0,0,0.1,0.1,0,0,0,0.04,4,0.01,0.044,0.25,0.25,0.25,0.25,all,600,0,0,4.23E-08,2.45E-07,NA,0.75,0.75,99.91801817,100,1,48.29586271,99.1908689,99.91774173,9.043188464,0.061421756,5.19E-05
13,20,20,10,10,rectangle,400,1,1,125,4,6,1.5,4,1,1,100,1,1,100,4,4,0,0,0,400,400,0,0,0,100,0,1,100,0,1,0.5,0.5,0,0,0,0.01,0.01,0,0,0,0,0.2,0,0,0,0.04,0,0.05,0.05,0.075,0.005,0,0,0,0.01875,0.00125,0,0,0,0.1,0.1,0,0,0,0.04,4,0.01,0.044,0.25,0.25,0.25,0.25,all,600,0,0,4.85E-08,2.80E-07,NA,0.75,0.75,99.91801789,100,1,46.9411093,98.34354645,99.91741464,8.88386381,0.070170148,5.95E-05
14,20,20,10,10,rectangle,400,1,1,125,4,6,1.5,4,1,1,100,1,1,100,4,4,0,0,0,400,400,0,0,0,100,0,1,100,0,1,0.5,0.5,0,0,0,0.01,0.01,0,0,0,0,0.2,0,0,0,0.04,0,0.05,0.05,0.075,0.005,0,0,0,0.01875,0.00125,0,0,0,0.1,0.1,0,0,0,0.04,4,0.01,0.044,0.25,0.25,0.25,0.25,all,600,0,0,5.15E-08,2.98E-07,NA,0.75,0.75,99.91801753,100,1,45.46642603,97.76736165,99.91698505,8.192447792,0.074456462,6.31E-05
15,20,20,10,10,rectangle,400,1,1,125,4,6,1.5,4,1,1,100,1,1,100,4,4,0,0,0,400,400,0,0,0,100,0,1,100,0,1,0.5,0.5,0,0,0,0.01,0.01,0,0,0,0,0.2,0,0,0,0.04,0,0.05,0.05,0.075,0.005,0,0,0,0.01875,0.00125,0,0,0,0.1,0.1,0,0,0,0.04,4,0.01,0.044,0.25,0.25,0.25,0.25,all,600,0,0,3.86E-08,2.23E-07,NA,0.75,0.75,99.9180175,100,1,50.14183768,97.75558435,99.9169424,8.086171412,0.055747844,4.73E-05
26,20,20,10,10,rectangle,400,1,1,125,4,6,1.5,4,2,2,100,1,1,100,8,4,0,0,0,800,400,0,0,0,100,0,1,100,0,1,0.5,0.5,0,0,0,0.01,0.01,0,0,0,0,0.2,0,0,0,0.04,0,0.05,0.05,0.075,0.005,0,0,0,0.01875,0.00125,0,0,0,0.1,0.1,0,0,0,0.04,4,0.01,0.044,0.25,0.25,0.25,0.25,all,600,0,0,2.88E-08,1.66E-07,NA,0.75,0.75,99.91801831,100,1,56.87751037,99.69292495,99.91790137,8.883789503,0.042740991,3.53E-05
27,20,20,10,10,rectangle,400,1,1,125,4,6,1.5,4,2,2,100,1,1,100,8,4,0,0,0,800,400,0,0,0,100,0,1,100,0,1,0.5,0.5,0,0,0,0.01,0.01,0,0,0,0,0.2,0,0,0,0.04,0,0.05,0.05,0.075,0.005,0,0,0,0.01875,0.00125,0,0,0,0.1,0.1,0,0,0,0.04,4,0.01,0.044,0.25,0.25,0.25,0.25,all,600,0,0,2.13E-08,1.23E-07,NA,0.75,0.75,99.9180183,100,1,53.44537776,99.60345211,99.91787987,7.003717582,0.031335798,2.61E-05
28,20,20,10,10,rectangle,400,1,1,125,4,6,1.5,4,2,2,100,1,1,100,8,4,0,0,0,800,400,0,0,0,100,0,1,100,0,1,0.5,0.5,0,0,0,0.01,0.01,0,0,0,0,0.2,0,0,0,0.04,0,0.05,0.05,0.075,0.005,0,0,0,0.01875,0.00125,0,0,0,0.1,0.1,0,0,0,0.04,4,0.01,0.044,0.25,0.25,0.25,0.25,all,600,0,0,1.01E-08,5.85E-08,NA,0.75,1,99.91801838,100,1,64.00438045,99.84704813,99.91796938,4.295837799,0.015214823,1.24E-05
29,20,20,10,10,rectangle,400,1,1,125,4,6,1.5,4,2,2,100,1,1,100,8,4,0,0,0,800,400,0,0,0,100,0,1,100,0,1,0.5,0.5,0,0,0,0.01,0.01,0,0,0,0,0.2,0,0,0,0.04,0,0.05,0.05,0.075,0.005,0,0,0,0.01875,0.00125,0,0,0,0.1,0.1,0,0,0,0.04,4,0.01,0.044,0.25,0.25,0.25,0.25,all,600,0,0,1.37E-08,7.94E-08,NA,0.75,1,99.91801838,100,1,66.10636389,99.85559716,99.91797131,6.387527875,0.020663016,1.69E-05
30,20,20,10,10,rectangle,400,1,1,125,4,6,1.5,4,2,2,100,1,1,100,8,4,0,0,0,800,400,0,0,0,100,0,1,100,0,1,0.5,0.5,0,0,0,0.01,0.01,0,0,0,0,0.2,0,0,0,0.04,0,0.05,0.05,0.075,0.005,0,0,0,0.01875,0.00125,0,0,0,0.1,0.1,0,0,0,0.04,4,0.01,0.044,0.25,0.25,0.25,0.25,all,600,0,0,1.29E-08,7.44E-08,NA,0.75,1,99.9180182,100,1,63.16241602,99.21792009,99.91776357,4.894873546,0.018851006,1.58E-05
41,20,20,10,10,rectangle,400,1,1,125,4,6,1.5,4,1,1,100,2,2,100,4,8,0,0,0,400,800,0,0,0,100,0,1,100,0,1,0.5,0.5,0,0,0,0.01,0.01,0,0,0,0,0.2,0,0,0,0.04,0,0.05,0.05,0.075,0.005,0,0,0,0.01875,0.00125,0,0,0,0.1,0.1,0,0,0,0.04,4,0.01,0.044,0.25,0.25,0.25,0.25,all,600,0,0,7.17E-08,4.14E-07,NA,0.75,0.75,99.91801814,100,1,49.34658819,99.19968365,99.91772833,15.93892354,0.104021273,8.79E-05
42,20,20,10,10,rectangle,400,1,1,125,4,6,1.5,4,1,1,100,2,2,100,4,8,0,0,0,400,800,0,0,0,100,0,1,100,0,1,0.5,0.5,0,0,0,0.01,0.01,0,0,0,0,0.2,0,0,0,0.04,0,0.05,0.05,0.075,0.005,0,0,0,0.01875,0.00125,0,0,0,0.1,0.1,0,0,0,0.04,4,0.01,0.044,0.25,0.25,0.25,0.25,all,600,0,0,7.19E-07,4.16E-06,NA,0.75,0.75,99.91801581,100,1,26.62415913,94.33299196,99.91535559,33.83446473,0.960167797,0.000881771
43,20,20,10,10,rectangle,400,1,1,125,4,6,1.5,4,1,1,100,2,2,100,4,8,0,0,0,400,800,0,0,0,100,0,1,100,0,1,0.5,0.5,0,0,0,0.01,0.01,0,0,0,0,0.2,0,0,0,0.04,0,0.05,0.05,0.075,0.005,0,0,0,0.01875,0.00125,0,0,0,0.1,0.1,0,0,0,0.04,4,0.01,0.044,0.25,0.25,0.25,0.25,all,600,0,0,1.30E-07,7.53E-07,NA,0.75,0.75,99.91801705,100,1,38.43054059,96.237471,99.9164563,17.74124079,0.182487175,0.000159769
44,20,20,10,10,rectangle,400,1,1,125,4,6,1.5,4,1,1,100,2,2,100,4,8,0,0,0,400,800,0,0,0,100,0,1,100,0,1,0.5,0.5,0,0,0,0.01,0.01,0,0,0,0,0.2,0,0,0,0.04,0,0.05,0.05,0.075,0.005,0,0,0,0.01875,0.00125,0,0,0,0.1,0.1,0,0,0,0.04,4,0.01,0.044,0.25,0.25,0.25,0.25,all,600,0,0,8.44E-08,4.88E-07,NA,0.75,0.75,99.91801791,100,1,46.01849869,98.65201668,99.91745955,13.98809939,0.122307172,0.000103534
45,20,20,10,10,rectangle,400,1,1,125,4,6,1.5,4,1,1,100,2,2,100,4,8,0,0,0,400,800,0,0,0,100,0,1,100,0,1,0.5,0.5,0,0,0,0.01,0.01,0,0,0,0,0.2,0,0,0,0.04,0,0.05,0.05,0.075,0.005,0,0,0,0.01875,0.00125,0,0,0,0.1,0.1,0,0,0,0.04,4,0.01,0.044,0.25,0.25,0.25,0.25,all,600,0,0,7.52E-08,4.35E-07,NA,0.75,0.75,99.91801809,100,1,45.60890083,99.03447512,99.91766192,13.44519249,0.108997347,9.23E-05
56,20,20,10,10,rectangle,400,1,1,125,4,6,1.5,4,5,5,100,10,10,100,20,40,0,0,0,2000,4000,0,0,0,100,0,1,100,0,1,0.5,0.5,0,0,0,0.01,0.01,0,0,0,0,0.2,0,0,0,0.04,0,0.05,0.05,0.075,0.005,0,0,0,0.01875,0.00125,0,0,0,0.1,0.1,0,0,0,0.04,4,0.01,0.044,0.25,0.25,0.25,0.25,all,600,0,0,6.30E-08,3.64E-07,NA,0.75,0.75,99.91801824,100,1,55.45343791,99.59828999,99.9178419,26.65769808,0.092076175,7.72E-05
57,20,20,10,10,rectangle,400,1,1,125,4,6,1.5,4,5,5,100,10,10,100,20,40,0,0,0,2000,4000,0,0,0,100,0,1,100,0,1,0.5,0.5,0,0,0,0.01,0.01,0,0,0,0,0.2,0,0,0,0.04,0,0.05,0.05,0.075,0.005,0,0,0,0.01875,0.00125,0,0,0,0.1,0.1,0,0,0,0.04,4,0.01,0.044,0.25,0.25,0.25,0.25,all,600,0,0,7.96E-08,4.60E-07,NA,0.75,0.75,99.91801824,100,1,56.10787273,99.66902596,99.91784774,31.10486825,0.11706386,9.76E-05
58,20,20,10,10,rectangle,400,1,1,125,4,6,1.5,4,5,5,100,10,10,100,20,40,0,0,0,2000,4000,0,0,0,100,0,1,100,0,1,0.5,0.5,0,0,0,0.01,0.01,0,0,0,0,0.2,0,0,0,0.04,0,0.05,0.05,0.075,0.005,0,0,0,0.01875,0.00125,0,0,0,0.1,0.1,0,0,0,0.04,4,0.01,0.044,0.25,0.25,0.25,0.25,all,600,0,0,1.13E-07,6.53E-07,NA,0.75,0.75,99.91801813,100,1,50.92883037,99.39285252,99.9177411,34.73533942,0.164239677,0.000138603
59,20,20,10,10,rectangle,400,1,1,125,4,6,1.5,4,5,5,100,10,10,100,20,40,0,0,0,2000,4000,0,0,0,100,0,1,100,0,1,0.5,0.5,0,0,0,0.01,0.01,0,0,0,0,0.2,0,0,0,0.04,0,0.05,0.05,0.075,0.005,0,0,0,0.01875,0.00125,0,0,0,0.1,0.1,0,0,0,0.04,4,0.01,0.044,0.25,0.25,0.25,0.25,all,600,0,0,1.08E-07,6.24E-07,NA,0.75,0.75,99.91801819,100,1,51.97612197,99.61716082,99.91780558,34.03624656,0.157749191,0.000132415
60,20,20,10,10,rectangle,400,1,1,125,4,6,1.5,4,5,5,100,10,10,100,20,40,0,0,0,2000,4000,0,0,0,100,0,1,100,0,1,0.5,0.5,0,0,0,0.01,0.01,0,0,0,0,0.2,0,0,0,0.04,0,0.05,0.05,0.075,0.005,0,0,0,0.01875,0.00125,0,0,0,0.1,0.1,0,0,0,0.04,4,0.01,0.044,0.25,0.25,0.25,0.25,all,600,0,0,8.70E-08,5.03E-07,NA,0.75,0.75,99.91801818,100,1,53.52174971,99.44578703,99.91778171,31.20900519,0.126557857,0.000106694
71,20,20,10,10,rectangle,400,1,1,125,4,6,1.5,4,10,10,100,5,5,100,40,20,0,0,0,4000,2000,0,0,0,100,0,1,100,0,1,0.5,0.5,0,0,0,0.01,0.01,0,0,0,0,0.2,0,0,0,0.04,0,0.05,0.05,0.075,0.005,0,0,0,0.01875,0.00125,0,0,0,0.1,0.1,0,0,0,0.04,4,0.01,0.044,0.25,0.25,0.25,0.25,all,600,0,0,1.20E-08,6.95E-08,NA,1,1,99.91801839,100,1,78.68458014,99.89272158,99.91799165,10.1398702,0.018078666,1.47E-05
72,20,20,10,10,rectangle,400,1,1,125,4,6,1.5,4,10,10,100,5,5,100,40,20,0,0,0,4000,2000,0,0,0,100,0,1,100,0,1,0.5,0.5,0,0,0,0.01,0.01,0,0,0,0,0.2,0,0,0,0.04,0,0.05,0.05,0.075,0.005,0,0,0,0.01875,0.00125,0,0,0,0.1,0.1,0,0,0,0.04,4,0.01,0.044,0.25,0.25,0.25,0.25,all,600,0,0,1.29E-08,7.46E-08,NA,1,1,99.91801839,100,1,76.17363338,99.88322339,99.91798557,11.09272747,0.0193966,1.58E-05
73,20,20,10,10,rectangle,400,1,1,125,4,6,1.5,4,10,10,100,5,5,100,40,20,0,0,0,4000,2000,0,0,0,100,0,1,100,0,1,0.5,0.5,0,0,0,0.01,0.01,0,0,0,0,0.2,0,0,0,0.04,0,0.05,0.05,0.075,0.005,0,0,0,0.01875,0.00125,0,0,0,0.1,0.1,0,0,0,0.04,4,0.01,0.044,0.25,0.25,0.25,0.25,all,600,0,0,1.13E-08,6.54E-08,NA,1,1,99.91801839,100,1,78.59022644,99.89166342,99.91799151,10.12185765,0.016997913,1.39E-05
74,20,20,10,10,rectangle,400,1,1,125,4,6,1.5,4,10,10,100,5,5,100,40,20,0,0,0,4000,2000,0,0,0,100,0,1,100,0,1,0.5,0.5,0,0,0,0.01,0.01,0,0,0,0,0.2,0,0,0,0.04,0,0.05,0.05,0.075,0.005,0,0,0,0.01875,0.00125,0,0,0,0.1,0.1,0,0,0,0.04,4,0.01,0.044,0.25,0.25,0.25,0.25,all,600,0,0,1.06E-08,6.15E-08,NA,1,1,99.9180184,100,1,80.90565046,99.89820138,99.91799591,9.846120674,0.015990235,1.30E-05
75,20,20,10,10,rectangle,400,1,1,125,4,6,1.5,4,10,10,100,5,5,100,40,20,0,0,0,4000,2000,0,0,0,100,0,1,100,0,1,0.5,0.5,0,0,0,0.01,0.01,0,0,0,0,0.2,0,0,0,0.04,0,0.05,0.05,0.075,0.005,0,0,0,0.01875,0.00125,0,0,0,0.1,0.1,0,0,0,0.04,4,0.01,0.044,0.25,0.25,0.25,0.25,all,600,0,0,1.15E-08,6.65E-08,NA,1,1,99.9180184,100,1,80.10077164,99.89612317,99.91799388,10.58744939,0.01730845,1.41E-05
86,20,20,10,10,rectangle,400,1,1,125,4,6,1.5,4,5,5,100,5,5,100,20,20,0,0,0,2000,2000,0,0,0,100,0,1,100,0,1,0.5,0.5,0,0,0,0.01,0.01,0,0,0,0,0.2,0,0,0,0.04,0,0.05,0.05,0.075,0.005,0,0,0,0.01875,0.00125,0,0,0,0.1,0.1,0,0,0,0.04,4,0.01,0.044,0.25,0.25,0.25,0.25,all,600,0,0,2.58E-08,1.49E-07,NA,1,1,99.91801836,100,1,70.54127895,99.86295676,99.91796451,15.2401969,0.038838594,3.17E-05
87,20,20,10,10,rectangle,400,1,1,125,4,6,1.5,4,5,5,100,5,5,100,20,20,0,0,0,2000,2000,0,0,0,100,0,1,100,0,1,0.5,0.5,0,0,0,0.01,0.01,0,0,0,0,0.2,0,0,0,0.04,0,0.05,0.05,0.075,0.005,0,0,0,0.01875,0.00125,0,0,0,0.1,0.1,0,0,0,0.04,4,0.01,0.044,0.25,0.25,0.25,0.25,all,600,0,0,2.92E-08,1.69E-07,NA,0.75,1,99.91801835,100,1,66.69031324,99.84073225,99.91795056,17.47184869,0.043884566,3.58E-05
88,20,20,10,10,rectangle,400,1,1,125,4,6,1.5,4,5,5,100,5,5,100,20,20,0,0,0,2000,2000,0,0,0,100,0,1,100,0,1,0.5,0.5,0,0,0,0.01,0.01,0,0,0,0,0.2,0,0,0,0.04,0,0.05,0.05,0.075,0.005,0,0,0,0.01875,0.00125,0,0,0,0.1,0.1,0,0,0,0.04,4,0.01,0.044,0.25,0.25,0.25,0.25,all,600,0,0,2.07E-08,1.20E-07,NA,0.75,1,99.91801837,100,1,69.80533356,99.85873676,99.91796646,13.75830336,0.031165094,2.54E-05
89,20,20,10,10,rectangle,400,1,1,125,4,6,1.5,4,5,5,100,5,5,100,20,20,0,0,0,2000,2000,0,0,0,100,0,1,100,0,1,0.5,0.5,0,0,0,0.01,0.01,0,0,0,0,0.2,0,0,0,0.04,0,0.05,0.05,0.075,0.005,0,0,0,0.01875,0.00125,0,0,0,0.1,0.1,0,0,0,0.04,4,0.01,0.044,0.25,0.25,0.25,0.25,all,600,0,0,2.33E-08,1.34E-07,NA,1,1,99.91801837,100,1,70.06772215,99.86255466,99.91796643,13.81011932,0.034979885,2.85E-05
90,20,20,10,10,rectangle,400,1,1,125,4,6,1.5,4,5,5,100,5,5,100,20,20,0,0,0,2000,2000,0,0,0,100,0,1,100,0,1,0.5,0.5,0,0,0,0.01,0.01,0,0,0,0,0.2,0,0,0,0.04,0,0.05,0.05,0.075,0.005,0,0,0,0.01875,0.00125,0,0,0,0.1,0.1,0,0,0,0.04,4,0.01,0.044,0.25,0.25,0.25,0.25,all,600,0,0,3.23E-08,1.87E-07,NA,0.75,0.75,99.91801833,100,1,64.55359729,99.80386555,99.9179338,19.36946981,0.048557136,3.96E-05
101,20,20,10,10,rectangle,400,1,1,125,4,6,1.5,4,10,10,100,10,10,100,40,40,0,0,0,4000,4000,0,0,0,100,0,1,100,0,1,0.5,0.5,0,0,0,0.01,0.01,0,0,0,0,0.2,0,0,0,0.04,0,0.05,0.05,0.075,0.005,0,0,0,0.01875,0.00125,0,0,0,0.1,0.1,0,0,0,0.04,4,0.01,0.044,0.25,0.25,0.25,0.25,all,600,0,0,4.34E-08,2.51E-07,NA,0.75,0.75,99.91801833,100,1,66.86304141,99.82465698,99.91793083,28.29087761,0.065279538,5.33E-05
102,20,20,10,10,rectangle,400,1,1,125,4,6,1.5,4,10,10,100,10,10,100,40,40,0,0,0,4000,4000,0,0,0,100,0,1,100,0,1,0.5,0.5,0,0,0,0.01,0.01,0,0,0,0,0.2,0,0,0,0.04,0,0.05,0.05,0.075,0.005,0,0,0,0.01875,0.00125,0,0,0,0.1,0.1,0,0,0,0.04,4,0.01,0.044,0.25,0.25,0.25,0.25,all,600,0,0,3.78E-08,2.19E-07,NA,0.75,1,99.91801834,100,1,69.32581529,99.84714449,99.91794536,26.45560066,0.056831732,4.64E-05
103,20,20,10,10,rectangle,400,1,1,125,4,6,1.5,4,10,10,100,10,10,100,40,40,0,0,0,4000,4000,0,0,0,100,0,1,100,0,1,0.5,0.5,0,0,0,0.01,0.01,0,0,0,0,0.2,0,0,0,0.04,0,0.05,0.05,0.075,0.005,0,0,0,0.01875,0.00125,0,0,0,0.1,0.1,0,0,0,0.04,4,0.01,0.044,0.25,0.25,0.25,0.25,all,600,0,0,2.76E-08,1.60E-07,NA,1,1,99.91801836,100,1,71.52499588,99.86341564,99.91796211,20.98327075,0.041545958,3.39E-05
104,20,20,10,10,rectangle,400,1,1,125,4,6,1.5,4,10,10,100,10,10,100,40,40,0,0,0,4000,4000,0,0,0,100,0,1,100,0,1,0.5,0.5,0,0,0,0.01,0.01,0,0,0,0,0.2,0,0,0,0.04,0,0.05,0.05,0.075,0.005,0,0,0,0.01875,0.00125,0,0,0,0.1,0.1,0,0,0,0.04,4,0.01,0.044,0.25,0.25,0.25,0.25,all,600,0,0,2.71E-08,1.57E-07,NA,1,1,99.91801836,100,1,71.87396737,99.86324822,99.91796237,21.27274307,0.040747982,3.32E-05
105,20,20,10,10,rectangle,400,1,1,125,4,6,1.5,4,10,10,100,10,10,100,40,40,0,0,0,4000,4000,0,0,0,100,0,1,100,0,1,0.5,0.5,0,0,0,0.01,0.01,0,0,0,0,0.2,0,0,0,0.04,0,0.05,0.05,0.075,0.005,0,0,0,0.01875,0.00125,0,0,0,0.1,0.1,0,0,0,0.04,4,0.01,0.044,0.25,0.25,0.25,0.25,all,600,0,0,2.55E-08,1.47E-07,NA,1,1,99.91801836,100,1,72.1127622,99.86057667,99.91796285,19.83885624,0.038346298,3.13E-05
116,20,20,10,10,rectangle,400,1,1,125,4,6,1.5,4,15,15,100,20,20,100,60,80,0,0,0,6000,8000,0,0,0,100,0,1,100,0,1,0.5,0.5,0,0,0,0.01,0.01,0,0,0,0,0.2,0,0,0,0.04,0,0.05,0.05,0.075,0.005,0,0,0,0.01875,0.00125,0,0,0,0.1,0.1,0,0,0,0.04,4,0.01,0.044,0.25,0.25,0.25,0.25,all,600,1,1,99.85253958,100,1,0,0,3.16E-06,9.09E-06,NA,19.92122899,0.382260392,0.001134505,91.9870147,98.97864301,99.84210566
117,20,20,10,10,rectangle,400,1,1,125,4,6,1.5,4,15,15,100,20,20,100,60,80,0,0,0,6000,8000,0,0,0,100,0,1,100,0,1,0.5,0.5,0,0,0,0.01,0.01,0,0,0,0,0.2,0,0,0,0.04,0,0.05,0.05,0.075,0.005,0,0,0,0.01875,0.00125,0,0,0,0.1,0.1,0,0,0,0.04,4,0.01,0.044,0.25,0.25,0.25,0.25,all,600,0,0,4.85E-08,2.80E-07,NA,0.75,1,99.91801832,100,1,69.01069241,99.83445474,99.91792991,33.39272406,0.072924058,5.95E-05
118,20,20,10,10,rectangle,400,1,1,125,4,6,1.5,4,15,15,100,20,20,100,60,80,0,0,0,6000,8000,0,0,0,100,0,1,100,0,1,0.5,0.5,0,0,0,0.01,0.01,0,0,0,0,0.2,0,0,0,0.04,0,0.05,0.05,0.075,0.005,0,0,0,0.01875,0.00125,0,0,0,0.1,0.1,0,0,0,0.04,4,0.01,0.044,0.25,0.25,0.25,0.25,all,600,0,0,5.20E-08,3.01E-07,NA,0.75,1,99.91801832,100,1,68.58088501,99.82757375,99.9179241,33.06986497,0.078188154,6.38E-05
119,20,20,10,10,rectangle,400,1,1,125,4,6,1.5,4,15,15,100,20,20,100,60,80,0,0,0,6000,8000,0,0,0,100,0,1,100,0,1,0.5,0.5,0,0,0,0.01,0.01,0,0,0,0,0.2,0,0,0,0.04,0,0.05,0.05,0.075,0.005,0,0,0,0.01875,0.00125,0,0,0,0.1,0.1,0,0,0,0.04,4,0.01,0.044,0.25,0.25,0.25,0.25,all,600,0,0,7.26E-08,4.19E-07,NA,0.75,0.75,99.91801827,100,1,62.77331093,99.76964089,99.91788298,39.86549372,0.108651275,8.90E-05
120,20,20,10,10,rectangle,400,1,1,125,4,6,1.5,4,15,15,100,20,20,100,60,80,0,0,0,6000,8000,0,0,0,100,0,1,100,0,1,0.5,0.5,0,0,0,0.01,0.01,0,0,0,0,0.2,0,0,0,0.04,0,0.05,0.05,0.075,0.005,0,0,0,0.01875,0.00125,0,0,0,0.1,0.1,0,0,0,0.04,4,0.01,0.044,0.25,0.25,0.25,0.25,all,600,0,0,9.70E-08,5.60E-07,NA,0.75,0.75,99.91801824,100,1,61.81397331,99.74669563,99.91785579,41.89965757,0.143739204,0.000118864
131,20,20,10,10,rectangle,400,1,1,125,4,6,1.5,4,20,20,100,15,15,100,80,60,0,0,0,8000,6000,0,0,0,100,0,1,100,0,1,0.5,0.5,0,0,0,0.01,0.01,0,0,0,0,0.2,0,0,0,0.04,0,0.05,0.05,0.075,0.005,0,0,0,0.01875,0.00125,0,0,0,0.1,0.1,0,0,0,0.04,4,0.01,0.044,0.25,0.25,0.25,0.25,all,600,0,0,2.98E-08,1.72E-07,NA,1,1,99.91801836,100,1,75.96169187,99.86978199,99.91796385,24.72254392,0.044814608,3.66E-05
132,20,20,10,10,rectangle,400,1,1,125,4,6,1.5,4,20,20,100,15,15,100,80,60,0,0,0,8000,6000,0,0,0,100,0,1,100,0,1,0.5,0.5,0,0,0,0.01,0.01,0,0,0,0,0.2,0,0,0,0.04,0,0.05,0.05,0.075,0.005,0,0,0,0.01875,0.00125,0,0,0,0.1,0.1,0,0,0,0.04,4,0.01,0.044,0.25,0.25,0.25,0.25,all,600,0,0,2.57E-08,1.48E-07,NA,1,1,99.91801837,100,1,77.45803309,99.87771869,99.91797154,22.42614552,0.038616745,3.15E-05
133,20,20,10,10,rectangle,400,1,1,125,4,6,1.5,4,20,20,100,15,15,100,80,60,0,0,0,8000,6000,0,0,0,100,0,1,100,0,1,0.5,0.5,0,0,0,0.01,0.01,0,0,0,0,0.2,0,0,0,0.04,0,0.05,0.05,0.075,0.005,0,0,0,0.01875,0.00125,0,0,0,0.1,0.1,0,0,0,0.04,4,0.01,0.044,0.25,0.25,0.25,0.25,all,600,0,0,2.60E-08,1.51E-07,NA,1,1,99.91801837,100,1,78.63553937,99.87779751,99.91797177,22.6332565,0.039150163,3.19E-05
134,20,20,10,10,rectangle,400,1,1,125,4,6,1.5,4,20,20,100,15,15,100,80,60,0,0,0,8000,6000,0,0,0,100,0,1,100,0,1,0.5,0.5,0,0,0,0.01,0.01,0,0,0,0,0.2,0,0,0,0.04,0,0.05,0.05,0.075,0.005,0,0,0,0.01875,0.00125,0,0,0,0.1,0.1,0,0,0,0.04,4,0.01,0.044,0.25,0.25,0.25,0.25,all,600,0,0,1.58E-08,9.15E-08,NA,1,1,99.91801839,100,1,81.18876811,99.89169597,99.91798795,14.85106347,0.023788037,1.94E-05
135,20,20,10,10,rectangle,400,1,1,125,4,6,1.5,4,20,20,100,15,15,100,80,60,0,0,0,8000,6000,0,0,0,100,0,1,100,0,1,0.5,0.5,0,0,0,0.01,0.01,0,0,0,0,0.2,0,0,0,0.04,0,0.05,0.05,0.075,0.005,0,0,0,0.01875,0.00125,0,0,0,0.1,0.1,0,0,0,0.04,4,0.01,0.044,0.25,0.25,0.25,0.25,all,600,0,0,1.57E-08,9.09E-08,NA,1,1,99.91801839,100,1,81.82815202,99.89522528,99.91798934,15.60853494,0.023653827,1.93E-05
146,20,20,10,10,rectangle,400,1,1,125,4,6,1.5,4,30,30,100,25,25,100,120,100,0,0,0,12000,10000,0,0,0,100,0,1,100,0,1,0.5,0.5,0,0,0,0.01,0.01,0,0,0,0,0.2,0,0,0,0.04,0,0.05,0.05,0.075,0.005,0,0,0,0.01875,0.00125,0,0,0,0.1,0.1,0,0,0,0.04,4,0.01,0.044,0.25,0.25,0.25,0.25,all,600,0,0,2.76E-08,1.60E-07,NA,1,1,99.91801837,100,1,78.54735987,99.87505254,99.91796865,25.17420009,0.041519355,3.39E-05
147,20,20,10,10,rectangle,400,1,1,125,4,6,1.5,4,30,30,100,25,25,100,120,100,0,0,0,12000,10000,0,0,0,100,0,1,100,0,1,0.5,0.5,0,0,0,0.01,0.01,0,0,0,0,0.2,0,0,0,0.04,0,0.05,0.05,0.075,0.005,0,0,0,0.01875,0.00125,0,0,0,0.1,0.1,0,0,0,0.04,4,0.01,0.044,0.25,0.25,0.25,0.25,all,600,0,0,4.77E-08,2.75E-07,NA,1,1,99.91801833,100,1,72.36306948,99.84225131,99.91793461,35.55183597,0.071639837,5.84E-05
148,20,20,10,10,rectangle,400,1,1,125,4,6,1.5,4,30,30,100,25,25,100,120,100,0,0,0,12000,10000,0,0,0,100,0,1,100,0,1,0.5,0.5,0,0,0,0.01,0.01,0,0,0,0,0.2,0,0,0,0.04,0,0.05,0.05,0.075,0.005,0,0,0,0.01875,0.00125,0,0,0,0.1,0.1,0,0,0,0.04,4,0.01,0.044,0.25,0.25,0.25,0.25,all,600,0,0,1.90E-08,1.10E-07,NA,1,1,99.91801838,100,1,82.80633159,99.89124929,99.91798446,18.69796181,0.028519287,2.33E-05
149,20,20,10,10,rectangle,400,1,1,125,4,6,1.5,4,30,30,100,25,25,100,120,100,0,0,0,12000,10000,0,0,0,100,0,1,100,0,1,0.5,0.5,0,0,0,0.01,0.01,0,0,0,0,0.2,0,0,0,0.04,0,0.05,0.05,0.075,0.005,0,0,0,0.01875,0.00125,0,0,0,0.1,0.1,0,0,0,0.04,4,0.01,0.044,0.25,0.25,0.25,0.25,all,600,0,0,2.16E-08,1.25E-07,NA,1,1,99.91801838,100,1,81.65055223,99.8820096,99.91797859,19.58420926,0.032536235,2.65E-05
150,20,20,10,10,rectangle,400,1,1,125,4,6,1.5,4,30,30,100,25,25,100,120,100,0,0,0,12000,10000,0,0,0,100,0,1,100,0,1,0.5,0.5,0,0,0,0.01,0.01,0,0,0,0,0.2,0,0,0,0.04,0,0.05,0.05,0.075,0.005,0,0,0,0.01875,0.00125,0,0,0,0.1,0.1,0,0,0,0.04,4,0.01,0.044,0.25,0.25,0.25,0.25,all,600,0,0,1.99E-08,1.15E-07,NA,1,1,99.91801838,100,1,81.469249,99.88364385,99.91798074,18.88783657,0.02987015,2.44E-05
161,20,20,10,10,rectangle,400,1,1,125,4,6,1.5,4,25,25,100,30,30,100,100,120,0,0,0,10000,12000,0,0,0,100,0,1,100,0,1,0.5,0.5,0,0,0,0.01,0.01,0,0,0,0,0.2,0,0,0,0.04,0,0.05,0.05,0.075,0.005,0,0,0,0.01875,0.00125,0,0,0,0.1,0.1,0,0,0,0.04,4,0.01,0.044,0.25,0.25,0.25,0.25,all,600,1,1,99.83641593,100,1,0,0,1.62E-05,4.61E-05,NA,30.95610998,1.819609554,0.005702428,93.51077397,98.1185984,99.82956955
162,20,20,10,10,rectangle,400,1,1,125,4,6,1.5,4,25,25,100,30,30,100,100,120,0,0,0,10000,12000,0,0,0,100,0,1,100,0,1,0.5,0.5,0,0,0,0.01,0.01,0,0,0,0,0.2,0,0,0,0.04,0,0.05,0.05,0.075,0.005,0,0,0,0.01875,0.00125,0,0,0,0.1,0.1,0,0,0,0.04,4,0.01,0.044,0.25,0.25,0.25,0.25,all,600,1,1,99.85253672,100,1,0,0,3.62E-06,1.04E-05,NA,23.0005758,0.440668314,0.001308862,94.07371705,98.92066629,99.84123948
163,20,20,10,10,rectangle,400,1,1,125,4,6,1.5,4,25,25,100,30,30,100,100,120,0,0,0,10000,12000,0,0,0,100,0,1,100,0,1,0.5,0.5,0,0,0,0.01,0.01,0,0,0,0,0.2,0,0,0,0.04,0,0.05,0.05,0.075,0.005,0,0,0,0.01875,0.00125,0,0,0,0.1,0.1,0,0,0,0.04,4,0.01,0.044,0.25,0.25,0.25,0.25,all,600,1,1,99.85224733,100,1,0,0,1.85E-05,5.32E-05,NA,32.59499872,2.171779871,0.00670377,92.64320906,97.94672794,99.82553035
164,20,20,10,10,rectangle,400,1,1,125,4,6,1.5,4,25,25,100,30,30,100,100,120,0,0,0,10000,12000,0,0,0,100,0,1,100,0,1,0.5,0.5,0,0,0,0.01,0.01,0,0,0,0,0.2,0,0,0,0.04,0,0.05,0.05,0.075,0.005,0,0,0,0.01875,0.00125,0,0,0,0.1,0.1,0,0,0,0.04,4,0.01,0.044,0.25,0.25,0.25,0.25,all,600,0,0,6.01E-08,3.47E-07,NA,1,1,99.9180183,100,1,70.06996447,99.81559776,99.91791239,38.5279212,0.090319692,7.37E-05
165,20,20,10,10,rectangle,400,1,1,125,4,6,1.5,4,25,25,100,30,30,100,100,120,0,0,0,10000,12000,0,0,0,100,0,1,100,0,1,0.5,0.5,0,0,0,0.01,0.01,0,0,0,0,0.2,0,0,0,0.04,0,0.05,0.05,0.075,0.005,0,0,0,0.01875,0.00125,0,0,0,0.1,0.1,0,0,0,0.04,4,0.01,0.044,0.25,0.25,0.25,0.25,all,600,1,1,99.85045022,100,1,0,0,4.86E-06,1.40E-05,NA,24.32675678,0.592650908,0.001764669,93.8659387,98.71444511,99.83972557
176,20,20,10,10,rectangle,400,1,1,125,4,6,1.5,4,30,30,100,30,30,100,120,120,0,0,0,12000,12000,0,0,0,100,0,1,100,0,1,0.5,0.5,0,0,0,0.01,0.01,0,0,0,0,0.2,0,0,0,0.04,0,0.05,0.05,0.075,0.005,0,0,0,0.01875,0.00125,0,0,0,0.1,0.1,0,0,0,0.04,4,0.01,0.044,0.25,0.25,0.25,0.25,all,600,0,0,4.18E-08,2.42E-07,NA,1,1,99.91801834,100,1,74.45103017,99.85287964,99.91794513,32.86259607,0.06283423,5.13E-05
177,20,20,10,10,rectangle,400,1,1,125,4,6,1.5,4,30,30,100,30,30,100,120,120,0,0,0,12000,12000,0,0,0,100,0,1,100,0,1,0.5,0.5,0,0,0,0.01,0.01,0,0,0,0,0.2,0,0,0,0.04,0,0.05,0.05,0.075,0.005,0,0,0,0.01875,0.00125,0,0,0,0.1,0.1,0,0,0,0.04,4,0.01,0.044,0.25,0.25,0.25,0.25,all,600,0,0,2.69E-08,1.56E-07,NA,1,1,99.91801837,100,1,79.47226025,99.87146853,99.91796873,23.15344502,0.04047112,3.30E-05
178,20,20,10,10,rectangle,400,1,1,125,4,6,1.5,4,30,30,100,30,30,100,120,120,0,0,0,12000,12000,0,0,0,100,0,1,100,0,1,0.5,0.5,0,0,0,0.01,0.01,0,0,0,0,0.2,0,0,0,0.04,0,0.05,0.05,0.075,0.005,0,0,0,0.01875,0.00125,0,0,0,0.1,0.1,0,0,0,0.04,4,0.01,0.044,0.25,0.25,0.25,0.25,all,600,0,0,4.70E-08,2.72E-07,NA,1,1,99.91801833,100,1,76.66595224,99.85148381,99.91794035,35.1161493,0.070690787,5.77E-05
179,20,20,10,10,rectangle,400,1,1,125,4,6,1.5,4,30,30,100,30,30,100,120,120,0,0,0,12000,12000,0,0,0,100,0,1,100,0,1,0.5,0.5,0,0,0,0.01,0.01,0,0,0,0,0.2,0,0,0,0.04,0,0.05,0.05,0.075,0.005,0,0,0,0.01875,0.00125,0,0,0,0.1,0.1,0,0,0,0.04,4,0.01,0.044,0.25,0.25,0.25,0.25,all,600,0,0,2.47E-08,1.43E-07,NA,1,1,99.91801837,100,1,78.95354163,99.87598598,99.91797202,22.65841684,0.037167278,3.03E-05
180,20,20,10,10,rectangle,400,1,1,125,4,6,1.5,4,30,30,100,30,30,100,120,120,0,0,0,12000,12000,0,0,0,100,0,1,100,0,1,0.5,0.5,0,0,0,0.01,0.01,0,0,0,0,0.2,0,0,0,0.04,0,0.05,0.05,0.075,0.005,0,0,0,0.01875,0.00125,0,0,0,0.1,0.1,0,0,0,0.04,4,0.01,0.044,0.25,0.25,0.25,0.25,all,600,0,0,3.66E-08,2.11E-07,NA,1,1,99.91801835,100,1,78.57490973,99.86797755,99.91795729,30.12210997,0.054975804,4.48E-05
191,20,20,10,10,rectangle,400,1,1,125,4,6,1.5,4,40,40,100,40,40,100,160,160,0,0,0,16000,16000,0,0,0,100,0,1,100,0,1,0.5,0.5,0,0,0,0.01,0.01,0,0,0,0,0.2,0,0,0,0.04,0,0.05,0.05,0.075,0.005,0,0,0,0.01875,0.00125,0,0,0,0.1,0.1,0,0,0,0.04,4,0.01,0.044,0.25,0.25,0.25,0.25,all,600,1,1,99.85221135,100,1,0,0,1.56E-05,4.49E-05,NA,36.90067585,1.764777274,0.005625722,94.7311013,98.11057607,99.81746196
192,20,20,10,10,rectangle,400,1,1,125,4,6,1.5,4,40,40,100,40,40,100,160,160,0,0,0,16000,16000,0,0,0,100,0,1,100,0,1,0.5,0.5,0,0,0,0.01,0.01,0,0,0,0,0.2,0,0,0,0.04,0,0.05,0.05,0.075,0.005,0,0,0,0.01875,0.00125,0,0,0,0.1,0.1,0,0,0,0.04,4,0.01,0.044,0.25,0.25,0.25,0.25,all,600,0,0,6.22E-08,3.60E-07,NA,1,1,99.9180183,100,1,73.53087663,99.81884861,99.91791248,40.78267139,0.093533968,7.63E-05
193,20,20,10,10,rectangle,400,1,1,125,4,6,1.5,4,40,40,100,40,40,100,160,160,0,0,0,16000,16000,0,0,0,100,0,1,100,0,1,0.5,0.5,0,0,0,0.01,0.01,0,0,0,0,0.2,0,0,0,0.04,0,0.05,0.05,0.075,0.005,0,0,0,0.01875,0.00125,0,0,0,0.1,0.1,0,0,0,0.04,4,0.01,0.044,0.25,0.25,0.25,0.25,all,600,0,0,2.40E-08,1.39E-07,NA,1,1,99.91801837,100,1,81.72681813,99.88153859,99.91797513,22.42382422,0.036083229,2.94E-05
194,20,20,10,10,rectangle,400,1,1,125,4,6,1.5,4,40,40,100,40,40,100,160,160,0,0,0,16000,16000,0,0,0,100,0,1,100,0,1,0.5,0.5,0,0,0,0.01,0.01,0,0,0,0,0.2,0,0,0,0.04,0,0.05,0.05,0.075,0.005,0,0,0,0.01875,0.00125,0,0,0,0.1,0.1,0,0,0,0.04,4,0.01,0.044,0.25,0.25,0.25,0.25,all,600,0,0,3.03E-08,1.75E-07,NA,1,1,99.91801836,100,1,80.44759787,99.87396982,99.91796571,27.96727728,0.045542284,3.72E-05
195,20,20,10,10,rectangle,400,1,1,125,4,6,1.5,4,40,40,100,40,40,100,160,160,0,0,0,16000,16000,0,0,0,100,0,1,100,0,1,0.5,0.5,0,0,0,0.01,0.01,0,0,0,0,0.2,0,0,0,0.04,0,0.05,0.05,0.075,0.005,0,0,0,0.01875,0.00125,0,0,0,0.1,0.1,0,0,0,0.04,4,0.01,0.044,0.25,0.25,0.25,0.25,all,600,0,0,3.64E-08,2.11E-07,NA,1,1,99.91801835,100,1,78.9981515,99.86186826,99.9179551,30.65645757,0.054774021,4.47E-05
206,20,20,10,10,rectangle,400,1,1,125,4,6,1.5,4,50,50,100,50,50,100,200,200,0,0,0,20000,20000,0,0,0,100,0,1,100,0,1,0.5,0.5,0,0,0,0.01,0.01,0,0,0,0,0.2,0,0,0,0.04,0,0.05,0.05,0.075,0.005,0,0,0,0.01875,0.00125,0,0,0,0.1,0.1,0,0,0,0.04,4,0.01,0.044,0.25,0.25,0.25,0.25,all,600,0,0,3.44E-08,1.99E-07,NA,1,1,99.91801836,100,1,82.20466414,99.86877481,99.91796006,29.56003749,0.051735499,4.22E-05
207,20,20,10,10,rectangle,400,1,1,125,4,6,1.5,4,50,50,100,50,50,100,200,200,0,0,0,20000,20000,0,0,0,100,0,1,100,0,1,0.5,0.5,0,0,0,0.01,0.01,0,0,0,0,0.2,0,0,0,0.04,0,0.05,0.05,0.075,0.005,0,0,0,0.01875,0.00125,0,0,0,0.1,0.1,0,0,0,0.04,4,0.01,0.044,0.25,0.25,0.25,0.25,all,600,0,0,2.95E-08,1.71E-07,NA,1,1,99.91801836,100,1,82.66856849,99.87822117,99.91796814,27.86023312,0.04434945,3.62E-05
208,20,20,10,10,rectangle,400,1,1,125,4,6,1.5,4,50,50,100,50,50,100,200,200,0,0,0,20000,20000,0,0,0,100,0,1,100,0,1,0.5,0.5,0,0,0,0.01,0.01,0,0,0,0,0.2,0,0,0,0.04,0,0.05,0.05,0.075,0.005,0,0,0,0.01875,0.00125,0,0,0,0.1,0.1,0,0,0,0.04,4,0.01,0.044,0.25,0.25,0.25,0.25,all,600,1,1,99.84699638,100,1,0,0,1.00E-05,2.88E-05,NA,37.32651474,1.187403719,0.003621643,95.87715731,98.36300759,99.83293537
209,20,20,10,10,rectangle,400,1,1,125,4,6,1.5,4,50,50,100,50,50,100,200,200,0,0,0,20000,20000,0,0,0,100,0,1,100,0,1,0.5,0.5,0,0,0,0.01,0.01,0,0,0,0,0.2,0,0,0,0.04,0,0.05,0.05,0.075,0.005,0,0,0,0.01875,0.00125,0,0,0,0.1,0.1,0,0,0,0.04,4,0.01,0.044,0.25,0.25,0.25,0.25,all,600,0,0,3.13E-08,1.81E-07,NA,1,1,99.91801836,100,1,82.36339849,99.87098631,99.91796384,27.99281173,0.047071775,3.84E-05
210,20,20,10,10,rectangle,400,1,1,125,4,6,1.5,4,50,50,100,50,50,100,200,200,0,0,0,20000,20000,0,0,0,100,0,1,100,0,1,0.5,0.5,0,0,0,0.01,0.01,0,0,0,0,0.2,0,0,0,0.04,0,0.05,0.05,0.075,0.005,0,0,0,0.01875,0.00125,0,0,0,0.1,0.1,0,0,0,0.04,4,0.01,0.044,0.25,0.25,0.25,0.25,all,600,0,0,4.18E-08,2.42E-07,NA,1,1,99.91801834,100,1,79.89739472,99.85887672,99.9179485,34.54705485,0.062885228,5.13E-05
221,20,20,10,10,rectangle,400,1,1,125,4,6,1.5,4,60,60,100,60,60,100,240,240,0,0,0,24000,24000,0,0,0,100,0,1,100,0,1,0.5,0.5,0,0,0,0.01,0.01,0,0,0,0,0.2,0,0,0,0.04,0,0.05,0.05,0.075,0.005,0,0,0,0.01875,0.00125,0,0,0,0.1,0.1,0,0,0,0.04,4,0.01,0.044,0.25,0.25,0.25,0.25,all,600,1,1,99.85225893,100,1,0,0,2.52E-05,7.24E-05,NA,48.22886157,2.916003127,0.009105432,95.83872898,97.99003751,99.82177354
222,20,20,10,10,rectangle,400,1,1,125,4,6,1.5,4,60,60,100,60,60,100,240,240,0,0,0,24000,24000,0,0,0,100,0,1,100,0,1,0.5,0.5,0,0,0,0.01,0.01,0,0,0,0,0.2,0,0,0,0.04,0,0.05,0.05,0.075,0.005,0,0,0,0.01875,0.00125,0,0,0,0.1,0.1,0,0,0,0.04,4,0.01,0.044,0.25,0.25,0.25,0.25,all,600,1,1,99.8523683,100,1,0,0,9.56E-06,2.75E-05,NA,40.57607693,1.114141581,0.003424815,96.2973154,98.486459,99.83138517
223,20,20,10,10,rectangle,400,1,1,125,4,6,1.5,4,60,60,100,60,60,100,240,240,0,0,0,24000,24000,0,0,0,100,0,1,100,0,1,0.5,0.5,0,0,0,0.01,0.01,0,0,0,0,0.2,0,0,0,0.04,0,0.05,0.05,0.075,0.005,0,0,0,0.01875,0.00125,0,0,0,0.1,0.1,0,0,0,0.04,4,0.01,0.044,0.25,0.25,0.25,0.25,all,600,0,0,3.53E-08,2.04E-07,NA,1,1,99.91801836,100,1,83.79676476,99.87169666,99.9179601,31.85926098,0.053083708,4.33E-05
224,20,20,10,10,rectangle,400,1,1,125,4,6,1.5,4,60,60,100,60,60,100,240,240,0,0,0,24000,24000,0,0,0,100,0,1,100,0,1,0.5,0.5,0,0,0,0.01,0.01,0,0,0,0,0.2,0,0,0,0.04,0,0.05,0.05,0.075,0.005,0,0,0,0.01875,0.00125,0,0,0,0.1,0.1,0,0,0,0.04,4,0.01,0.044,0.25,0.25,0.25,0.25,all,600,0,0,4.30E-08,2.49E-07,NA,1,1,99.91801834,100,1,83.11984713,99.86079722,99.9179485,35.42484527,0.06469064,5.28E-05
225,20,20,10,10,rectangle,400,1,1,125,4,6,1.5,4,60,60,100,60,60,100,240,240,0,0,0,24000,24000,0,0,0,100,0,1,100,0,1,0.5,0.5,0,0,0,0.01,0.01,0,0,0,0,0.2,0,0,0,0.04,0,0.05,0.05,0.075,0.005,0,0,0,0.01875,0.00125,0,0,0,0.1,0.1,0,0,0,0.04,4,0.01,0.044,0.25,0.25,0.25,0.25,all,600,0,0,3.66E-08,2.12E-07,NA,1,1,99.91801835,100,1,83.55283104,99.86733907,99.9179572,31.98921313,0.055068116,4.49E-05
